key,input,PPB_VALUES
MCGSCOLBFJQGHM-SCZZXKLOSA-N,Nc1nc(NC2CC2)c3ncn([C@@H]4C[C@H](CO)C=C4)c3n1,0.477624
GZOSMCIZMLWJML-VJLLXTKPSA-N,C[C@]12CC[C@H](O)CC1=CC[C@@H]3[C@@H]2CC[C@@]4(C)[C@H]3CC=C4c5cccnc5,0.9766281
BZKPWHYZMXOIDC-UHFFFAOYSA-N,CC(=O)Nc1sc(nn1)[S](N)(=O)=O,0.58283216
QTBSBXVTEAMEQO-UHFFFAOYSA-N,CC(O)=O,0.0710884
PWKSKIMOESPYIA-BYPYZUCNSA-N,CC(=O)N[C@@H](CS)C(O)=O,0.6505308
BSYNRYMUTXBXSQ-UHFFFAOYSA-N,CC(=O)Oc1ccccc1C(O)=O,0.42101124
MKUXAQIIEYXACX-UHFFFAOYSA-N,NC1=NC(=O)c2ncn(COCCO)c2N1,0.06428727
ASMXXROZKSBQIH-VITNCHFBSA-N,OC(C(=O)O[C@H]1C[N+]2(CCCOC3=CC=CC=C3)CCC1CC2)(C1=CC=CS1)C1=CC=CS1,0.96593744
ULXXDDBFHOBEHA-CWDCEQMOSA-N,CN(C)C\C=C\C(=O)NC1=C(O[C@H]2CCOC2)C=C2N=CN=C(NC3=CC(Cl)=C(F)C=C3)C2=C1,0.9270491
HXHWSAZORRCQMX-UHFFFAOYSA-N,CCCSc1ccc2nc(NC(=O)OC)[nH]c2c1,0.9342358
OFCNXPDARWKPPY-UHFFFAOYSA-N,O=C1N=CN=C2NNC=C12,-0.0016773716
YVPYQUNUQOZFHG-UHFFFAOYSA-N,CC(=O)Nc1c(I)c(NC(C)=O)c(I)c(C(O)=O)c1I,0.3404966
LKCWBDHBTVXHDL-RMDFUYIESA-N,NCC[C@H](O)C(=O)N[C@@H]1C[C@H](N)[C@@H](O[C@H]2O[C@H](CN)[C@@H](O)[C@H](O)[C@H]2O)[C@H](O)[C@H]1O[C@H]3O[C@H](CO)[C@@H](O)[C@H](N)[C@H]3O,0.09401105
XSDQTOBWRPYKKA-UHFFFAOYSA-N,NC(N)=NC(=O)c1nc(Cl)c(N)nc1N,0.21087155
IYIKLHRQXLHMJQ-UHFFFAOYSA-N,CCCCc1oc2ccccc2c1C(=O)c3cc(I)c(OCCN(CC)CC)c(I)c3,0.97461003
KRMDCWKBEZIMAB-UHFFFAOYSA-N,CN(C)CCC=C1c2ccccc2CCc3ccccc13,0.9377001
HTIQEAQVCYTUBX-UHFFFAOYSA-N,CCOC(=O)C1=C(COCCN)NC(=C(C1c2ccccc2Cl)C(=O)OC)C,0.9008822
OVCDSSHSILBFBN-UHFFFAOYSA-N,CCN(CC)Cc1cc(Nc2ccnc3cc(Cl)ccc23)ccc1O,0.9562612
MQXQVCLAUDMCEF-CWLIKTDRSA-N,O.O.O.CC1(C)S[C@@H]2[C@H](NC(=O)[C@H](N)c3ccc(O)cc3)C(=O)N2[C@H]1C(O)=O,0.32414997
APKFDSVGJQXUKY-ZNVUZQDLSA-N,C[C@H]1O[C@@H](O[C@@H]\2C[C@@H]3O[C@](O)(C[C@@H](O)C[C@@H](O)[C@H](O)CC[C@@H](O)C[C@@H](O)CC(=O)O[C@@H](C)[C@H](C)[C@H](O)[C@@H](C)\C=C/C=C\C=C/C=C\C=C/C=C\C=C2)C[C@H](O)[C@H]3C(O)=O)[C@@H](O)[C@@H](N)[C@@H]1O,0.94084376
AVKUERGKIZMTKX-NJBDSQKTSA-N,CC1(C)S[C@@H]2[C@H](NC(=O)[C@H](N)c3ccccc3)C(=O)N2[C@H]1C(O)=O,0.20683852
YBBLVLTVTVSKRW-UHFFFAOYSA-N,CC(C)(C#N)c1cc(Cn2cncn2)cc(c1)C(C)(C)C#N,0.5755639
JHVAMHSQVVQIOT-XBAWZMHRSA-N,CCCCCOc1ccc(cc1)c2ccc(cc2)c3ccc(cc3)C(=O)N[C@H]4C[C@@H](O)[C@@H](O)NC(=O)[C@@H]5[C@@H](O)[C@@H](C)CN5C(=O)[C@@H](NC(=O)[C@@H](NC(=O)[C@@H]6C[C@@H](O)CN6C(=O)[C@@H](NC4=O)[C@H](C)O)[C@H](O)[C@@H](O)c7ccc(O)cc7)[C@H](C)O,0.89647573
QNZCBYKSOIHPEH-UHFFFAOYSA-N,COc1ccc(cc1)n2nc(C(N)=O)c3CCN(C(=O)c23)c4ccc(cc4)N5CCCCC5=O,0.90293247
ATALOFNDEOCMKK-BYYRLHKVSA-N,C[C@@H](O[C@@H]1OCCN(CC2=NC(=O)NN2)[C@@H]1c3ccc(F)cc3)c4cc(cc(c4)C(F)(F)F)C(F)(F)F,0.93542975
IKWTVSLWAPBBKU-UHFFFAOYSA-N,O=[As]O[As]=O,0.046198186
SXYIRMFQILZOAM-HVNFFKDJSA-N,CO[C@H]1O[C@@H]2O[C@@]3(C)CC[C@H]4[C@H](C)CC[C@@H]([C@H]1C)[C@@]24OO3,0.8854519
FIHJKUPKCHIPAT-JQXDXKTESA-N,C[C@@H]1CC[C@H]2[C@@H](C)[C@H](O[C@@H]3OC4(C)CC[C@@H]1[C@@]23OO4)OC(=O)CCC(O)=O,0.8453042
TYQCGQRIZGCHNB-UHFFFAOYSA-N,OCC(O)C1OC(=C(O)C1=O)O,0.21072388
AXRYRYVKAWYZBR-GASGPIRDSA-N,COC(=O)N[C@H](C(=O)N[C@@H](Cc1ccccc1)[C@@H](O)CN(Cc2ccc(cc2)c3ccccn3)NC(=O)[C@@H](NC(=O)OC)C(C)(C)C)C(C)(C)C,0.9158439
XUKUURHRXDUEBC-KAYWLYCHSA-N,CC(C)c1n(CC[C@@H](O)C[C@@H](O)CC(O)=O)c(c2ccc(F)cc2)c(c3ccccc3)c1C(=O)Nc4ccccc4,0.98059666
YXSLJKQTIDHPOT-UHFFFAOYSA-N,COc1ccc(CC2c3cc(OC)c(OC)cc3CC[N+]2(C)CCC(=O)OCCCCCOC(=O)CC[N+]4(C)CCc5cc(OC)c(OC)cc5C4Cc6ccc(OC)c(OC)c6)cc1OC,0.7062844
RKUNBYITZUJHSG-UHFFFAOYSA-N,CN1C2CCC1CC(C2)OC(=O)C(CO)c3ccccc3,0.34560943
NDCUAPJVLWFHHB-UHNVWZDZSA-N,NC(=O)[C@@H]1CC[C@@H]2CN1C(=O)N2OS(O)(=O)=O,0.15576635
LMEKQMALGUDUQG-UHFFFAOYSA-N,Cn1cnc(c1Sc2ncnc3nc[nH]c23)[N+]([O-])=O,0.3729387
MQTOSJVFKKJCRP-OHJWJPDZSA-N,CC[C@H]1OC(=O)[C@H](C)[C@@H](O[C@H]2C[C@@](C)(OC)[C@@H](O)[C@H](C)O2)C(C)[C@@H](O[C@@H]3O[C@H](C)C[C@@H]([C@H]3O)N(C)C)[C@](C)(O)C[C@@H](C)CN(C)[C@H](C)[C@@H](O)[C@]1(C)O,1.0362259
TZCXTZWJZNENPQ-UHFFFAOYSA-L,[Ba++].[O-][S]([O-])(=O)=O,0.13547131
NBMKJKDGKREAPL-DVTGEIKXSA-N,C[C@H]1C[C@H]2[C@@H]3CCC4=CC(=O)C=C[C@]4(C)[C@@]3(Cl)[C@@H](O)C[C@]2(C)[C@@]1(O)C(=O)CO,0.83301884
QUIJNHUBAXPXFS-XLJNKUFUSA-N,COC1=NC2=C(C=C(Br)C=C2)C=C1[C@@H](C1=CC=CC=C1)[C@@](O)(CCN(C)C)C1=CC=CC2=C1C=CC=C2,0.9860752
YTKUWDBFDASYHO-UHFFFAOYSA-N,Cn1c(CCCC(O)=O)nc2cc(ccc12)N(CCCl)CCCl,0.9096891
BNQDCRGUHNALGH-UHFFFAOYSA-N,NC(CO)C(=O)NNCc1ccc(O)c(O)c1O,0.30595255
BVGLIYRKPOITBQ-ANPZCEIESA-N,CC1(C)S[C@@H]2[C@H](NC(=O)Cc3ccccc3)C(=O)N2[C@H]1C(O)=O.CC4(C)S[C@@H]5[C@H](NC(=O)Cc6ccccc6)C(=O)N5[C@H]4C(O)=O.C(CNCc7ccccc7)NCc8ccccc8,0.8495919
CULUWZNBISUWAS-UHFFFAOYSA-N,[O-][N+](=O)c1nccn1CC(=O)NCc2ccccc2,0.6224034
OMPJBNCRMGITSC-UHFFFAOYSA-N,O=C(OOC(=O)c1ccccc1)c2ccccc2,0.93351686
SESFRYSPDFLNCH-UHFFFAOYSA-N,O=C(OCc1ccccc1)c2ccccc2,0.9227213
JGSARLDLIJGVTE-MBNYWOFBSA-N,CC1(C)S[C@@H]2[C@H](NC(=O)Cc3ccccc3)C(=O)N2[C@H]1C(O)=O,0.55540514
UREBDLICKHMUKA-DVTGEIKXSA-N,C[C@H]1C[C@H]2[C@@H]3CCC4=CC(=O)C=C[C@]4(C)[C@@]3(F)[C@@H](O)C[C@]2(C)[C@@]1(O)C(=O)CO,0.76179856
LKJPYSCBVHEWIU-UHFFFAOYSA-N,CC(O)(C[S](=O)(=O)c1ccc(F)cc1)C(=O)Nc2ccc(C#N)c(c2)C(F)(F)F,0.9412919
YSXKPIUOCJLQIE-UHFFFAOYSA-N,OC(CCN1CCCCC1)(C2CC3CC2C=C3)c4ccccc4,0.8475071
KHOITXIGCFIULA-UHFFFAOYSA-N,CC(=O)Oc1ccc(cc1)C(c2ccc(OC(C)=O)cc2)c3ccccn3,0.955881
VHYCDWMUTMEGQY-UHFFFAOYSA-N,CC(C)NCC(O)COc1ccc(COCCOC(C)C)cc1,0.32697457
OYVAGSVQBOHSSS-WXFSZRTFSA-O,[H][C@](C)(NC(=O)[C@@]([H])(NC(=O)C1=NC(=NC(N)=C1C)[C@H](CC(N)=O)NC[C@H](N)C(N)=O)[C@@]([H])(OC1OC(CO)C(O)C(O)C1OC1OC(CO)C(O)C(OC(N)=O)C1O)C1=CNC=N1)[C@@H](O)[C@H](C)C(=O)N[C@]([H])(C(=O)NCCC1=NC(=CS1)C1=NC(=CS1)C(=O)NCCC[S+](C)C)[C@@]([H])(C)O,0.33329675
GXJABQQUPOEUTA-NVXWUHKLSA-N,CC(C)C[C@@H](NC(=O)[C@@H](Cc1ccccc1)NC(=O)c2cnccn2)B(O)O,0.76566446
VOVIALXJUBGFJZ-KWVAZRHASA-N,CCCC1O[C@@H]2C[C@H]3[C@@H]4CCC5=CC(=O)C=C[C@]5(C)[C@H]4[C@@H](O)C[C@]3(C)[C@@]2(O1)C(=O)CO,0.77555895
MAEIEVLCKWDQJH-UHFFFAOYSA-N,CCCCNc1cc(cc(c1Oc2ccccc2)[S](N)(=O)=O)C(O)=O,0.9361508
LEBVLXFERQHONN-UHFFFAOYSA-N,CCCCN1CCCCC1C(=O)Nc2c(C)cccc2C,0.92024916
SNPPWIUOZRMYNY-UHFFFAOYSA-N,CC(NC(C)(C)C)C(=O)c1cccc(Cl)c1,0.40329093
RCQXSQPPHJPGOF-UHFFFAOYSA-N,Cn1cnc2N(C)C(=O)N(C)C(=O)c12.OC(=O)CC(O)(CC(O)=O)C(O)=O,0.38302854
LWQQLNNNIPYSNX-UROSTWAQSA-N,C[C@H](\C=C\[C@@H](O)C1CC1)[C@H]2CC[C@H]3\C(CCC[C@]23C)=C\C=C4\C[C@@H](O)C[C@H](O)C4=C,0.9692451
GMRQFYUYWCNGIN-NKMMMXOESA-N,C[C@H](CCCC(C)(C)O)[C@H]1CC[C@H]2\C(CCC[C@]12C)=C\C=C3\C[C@@H](O)C[C@H](O)C3=C,0.9835337
FAQLAUHZSGTTLN-UHFFFAOYSA-N,[CaH2],nan
KVUAALJSMIVURS-ZEDZUCNESA-L,[Ca++].NC1=NC(=O)C2=C(NCC(CNc3ccc(cc3)C(=O)N[C@@H](CCC([O-])=O)C([O-])=O)N2C=O)N1,0.7498369
NEEHYRZPVYRGPP-IYEMJOQQSA-L,[Ca++].OC[C@@H](O)[C@@H](O)[C@H](O)[C@@H](O)C([O-])=O.OC[C@@H](O)[C@@H](O)[C@H](O)[C@@H](O)C([O-])=O,0.11768239
XTNGUQKDFGDXSJ-ZXGKGEBGSA-N,[H][C@]1(O[C@H](CO)[C@@H](O)[C@H](O)[C@H]1O)C1=CC=C(C)C(CC2=CC=C(S2)C2=CC=C(F)C=C2)=C1,0.9976691
GAGWJHPBXLXJQN-UORFTKCHSA-N,CCCCCOC(=O)NC1=NC(=O)N(C=C1F)[C@@H]2O[C@H](C)[C@@H](O)[C@H]2O,0.7622498
AIXAANGOTKPUOY-UHFFFAOYSA-N,[Cl-].C[N+](C)(C)CCOC(N)=O,-0.12969306
FFGPTBGBLSHEPO-UHFFFAOYSA-N,NC(=O)N1c2ccccc2C=Cc3ccccc13,0.8916037
SMMBGKXBHJTULT-DTRKZRJBSA-N,CC[C@H](C)[C@@H]1NC(=O)[C@H](Cc2ccc(O)cc2)N(C)C(=O)CCCSC[C@H](NC(=O)[C@H](CC(N)=O)NC(=O)[C@H](CCC(N)=O)NC1=O)C(=O)N3CCC[C@H]3C(=O)N[C@@H](CC(C)C)C(=O)NCC(N)=O,0.10357502
TZFNLOMSOLWIDK-JTQLQIEISA-N,C[C@@](Cc1ccc(O)c(O)c1)(NN)C(O)=O,0.33539432
CFOYWRHIYXMDOT-UHFFFAOYSA-N,CCOC(=O)N1C=CN(C)C1=S,0.07661856
OGHNVEJMJSYVRP-UHFFFAOYSA-N,COc1ccccc1OCCNCC(O)COc2cccc3[nH]c4ccccc4c23,0.95674497
AHIZXSGLMAMETL-LQZKFGBMSA-N,CCC(C)CC(C)CCCCCCCCC(=O)N[C@H]1C[C@@H](O)[C@@H](NCCN)NC(=O)[C@@H]2CCCN2C(=O)[C@@H](NC(=O)[C@@H](NC(=O)[C@@H]3C[C@@H](O)CN3C(=O)[C@@H](NC1=O)[C@@H](C)O)[C@H](O)[C@@H](O)c4ccc(O)cc4)[C@H](O)CCN,1.0236124
ZAIPMKNFIOOWCQ-UEKVPHQBSA-N,CC1=C(N2[C@H](SC1)[C@H](NC(=O)[C@H](N)c3ccccc3)C2=O)C(O)=O,0.15150516
FLKYBGKDCCEQQM-WYUVZMMLSA-M,[Na+].Cc1sc(SCC2=C(N3[C@H](SC2)[C@H](NC(=O)Cn4cnnn4)C3=O)C([O-])=O)nn1,0.8418319
DBPPRLRVDVJOCL-FQRUVTKNSA-N,[H][C@]12SCC(C[N+]3(CCNC(=O)C4=C(Cl)C(O)=C(O)C=C4)CCCC3)=C(N1C(=O)[C@H]2NC(=O)C(=N/OC(C)(C)C(O)=O)\C1=CSC(N)=N1)C([O-])=O,0.6739264
OKBVVJOGVLARMR-QSWIMTSFSA-N,Nc1scc(n1)\C(=N\OCC(O)=O)C(=O)N[C@H]2[C@H]3SCC(=C(N3C2=O)C(O)=O)C=C,0.59114385
AZZMGZXNTDTSME-XJTDMATHSA-M,[Na+].CO\N=C(C(=O)N[C@@H]1[C@@H]2SCC(=C(N2C1=O)C([O-])=O)COC(C)=O)\c3csc(N)n3,0.43238187
ORFOPKXBNMVMKC-DWVKKRMSSA-N,CC(C)(O/N=C(C(=O)N[C@H]1[C@H]2SCC(=C(N2C1=O)C([O-])=O)C[n+]3ccccc3)/c4csc(N)n4)C(O)=O,0.30441737
VAAUVRVFOQPIGI-SPQHTLEESA-N,CO/N=C(C(=O)N[C@H]1[C@H]2SCC(=C(N2C1=O)C(O)=O)CSC3=NC(=O)C(=O)NN3C)/c4csc(N)n4,0.6173893
JFPVXVDWJQMJEE-IZRZKJBUSA-N,CO/N=C(C(=O)N[C@H]1[C@H]2SCC(=C(N2C1=O)C(O)=O)COC(N)=O)/c3occc3,0.3693723
ZKLPARSLTMPFCP-UHFFFAOYSA-N,OC(=O)COCCN1CCN(CC1)C(c2ccccc2)c3ccc(Cl)cc3,0.8646633
WIIZWVCIJKGZOK-UHFFFAOYSA-N,OCC(NC(=O)C(Cl)Cl)C(O)c1ccc(cc1)[N+]([O-])=O,0.5404915
GHXZTYHSJHQHIJ-UHFFFAOYSA-N,NC(Nc1ccc(Cl)cc1)=NC(N)=NCCCCCCN=C(N)N=C(N)Nc2ccc(Cl)cc2,0.8923838
JBMKAUGHUNFTOL-UHFFFAOYSA-N,N[S](=O)(=O)c1cc2c(NC=N[S]2(=O)=O)cc1Cl,0.6696598
XBBCPPPRFJXONF-UHFFFAOYSA-N,Cc1ccc(Cl)c(O)c1C,0.9267913
ZPEIMTDSQAKGNT-UHFFFAOYSA-N,CN(C)CCCN1c2ccccc2Sc3ccc(Cl)cc13,0.93107975
JIVPVXMEBJLZRO-UHFFFAOYSA-N,N[S](=O)(=O)c1cc(ccc1Cl)C2(O)NC(=O)c3ccccc23,0.8737754
WKZUQOQLOHMCQC-XHJBQRPKSA-N,CN(C)[C@H]1[C@@H]2C[C@H]3C(=C(O)c4c(O)ccc(Cl)c4[C@@]3(C)O)C(=O)[C@]2(O)C(=O)\C(=C(N)/O)C1=O,0.6547521
LUKZNWIVRBCLON-GXOBDPJESA-N,CC(C)C(=O)OCC(=O)[C@@]12O[C@@H](O[C@@H]1C[C@H]3[C@@H]4CCC5=CC(=O)C=C[C@]5(C)[C@H]4[C@@H](O)C[C@]23C)C6CCCCC6,0.95815694
PMATZTZNYRCHOR-IMVLJIQESA-N,CCC1NC(=O)C(C(O)C(C)C\C=C\C)N(C)C(=O)C(C(C)C)N(C)C(=O)C(CC(C)C)N(C)C(=O)C(CC(C)C)N(C)C(=O)C(C)NC(=O)C(C)NC(=O)C(CC(C)C)N(C)C(=O)C(NC(=O)C(CC(C)C)N(C)C(=O)CN(C)C1=O)C(C)C,0.9982751
DHSUYTOATWAVLW-OYHMZJHOSA-N,CC1(C)C[C@@H]1C(=O)NC(=C\CCCCSC[C@@H](N)C(O)=O)/C(O)=O,0.6564362
MYSWGUAQZAJSOK-UHFFFAOYSA-N,OC(=O)C1=CN(C2CC2)c3cc(N4CCNCC4)c(F)cc3C1=O,0.3104849
WSEQXVZVJXJVFP-UHFFFAOYSA-N,CN(C)CCCC1(OCc2cc(ccc12)C#N)c3ccc(F)cc3,0.7675949
AGOYDEPGAOXOCK-KCBOHYOISA-N,CC[C@H]1OC(=O)[C@H](C)[C@@H](O[C@H]2C[C@@](C)(OC)[C@@H](O)[C@H](C)O2)[C@H](C)[C@@H](O[C@@H]3O[C@H](C)C[C@@H]([C@H]3O)N(C)C)[C@@](C)(C[C@@H](C)C(=O)[C@H](C)[C@@H](O)[C@]1(C)O)OC,1.1144493
HZZVJAQRINQKSD-PBFISZAISA-N,OC/C=C/1O[C@@H]2CC(=O)N2[C@H]1C(O)=O,0.06828455
KDLRVYVGXIQJDK-NOWPCOIGSA-N,CCC[C@@H]1C[C@H](N(C)C1)C(=O)NC(C(C)Cl)[C@H]2O[C@H](SC)[C@H](O)[C@@H](O)[C@H]2O,0.9061486
WDQPAMHFFCXSNU-UHFFFAOYSA-N,CC(C)N=C1C=C2N(c3ccc(Cl)cc3)c4ccccc4N=C2C=C1Nc5ccc(Cl)cc5,0.9561687
GKIRPKYJQBWNGO-QPLCGJKRSA-N,CCN(CC)CCOc1ccc(cc1)\C(=C(Cl)\c2ccccc2)c3ccccc3,0.9693453
GDLIGKIOYRNHDA-UHFFFAOYSA-N,CN(C)CCCN1c2ccccc2CCc3ccc(Cl)cc13,0.9391651
GKTWGGQPFAXNFI-HNNXBMFYSA-N,COC(=O)[C@@H](N1CCc2sccc2C1)c3ccccc3Cl,0.95219433
VNFPBHJOKIVQEB-UHFFFAOYSA-N,Clc1ccccc1C(n2ccnc2)(c3ccccc3)c4ccccc4,0.96113783
LQOLIRLGBULYKD-JKIFEVAISA-N,Cc1onc(c2ccccc2Cl)c1C(=O)N[C@H]3[C@H]4SC(C)(C)[C@@H](N4C3=O)C(O)=O,0.95354354
ZUXABONWMNSFBN-UHFFFAOYSA-N,CN1CCN(CC1)C2=C3C=CC=CC3=Nc4ccc(Cl)cc4N2,0.90979606
OROGSEYTTFOCAN-DNJOTXNNSA-N,COc1ccc2C[C@@H]3[C@@H]4C=C[C@H](O)[C@@H]5Oc1c2[C@]45CCN3C,0.22932488
QYSXJUFSXHHAJI-YRZJJWOYSA-N,CC(C)CCC[C@@H](C)[C@H]1CC[C@H]2\C(CCC[C@]12C)=C\C=C3\C[C@@H](O)CCC3=C,1.011829
UVKZSORBKUEBAZ-UHFFFAOYSA-N,CN1CCN(CC1)C(c2ccccc2)c3ccccc3,0.65207237
SKYSRIRYMSLOIN-UHFFFAOYSA-N,CN(C)CCOC(=O)C(c1ccccc1)C2(O)CCCC2,0.25792402
DYDCUQKUCUHJBH-UHFFFAOYSA-N,NC1CONC1=O,0.025984563
UHDGCWIWMRVCDJ-CCXZUQQUSA-N,NC1=NC(=O)N(C=C1)[C@@H]2O[C@H](CO)[C@@H](O)[C@@H]2O,0.09923074
YBSJFWOBGCMAKL-UHFFFAOYSA-N,Cn1c(CNc2ccc(cc2)C(N)=N)nc3cc(ccc13)C(=O)N(CCC(O)=O)c4ccccn4,0.70516324
OMJKFYKNWZZKTK-UXBLZVDNSA-N,CN(C)N\N=C/1N=CN=C1C(N)=O,0.12550512
RJURFGZVJUQBHK-UHFFFAOYSA-N,CC(C)C1NC(=O)C(NC(=O)c2ccc(C)c3OC4=C(C)C(=O)C(=C(C(=O)NC5C(C)OC(=O)C(C(C)C)N(C)C(=O)CN(C)C(=O)C6CCCN6C(=O)C(NC5=O)C(C)C)C4=Nc23)N)C(C)OC(=O)C(C(C)C)N(C)C(=O)CN(C)C(=O)C7CCCN7C1=O,0.698354
JVHXJTBJCFBINQ-ADAARDCZSA-N,CCOC1=CC=C(CC2=C(Cl)C=CC(=C2)[C@@H]2O[C@H](CO)[C@@H](O)[C@H](O)[C@H]2O)C=C1,0.9642085
MQJKPEGWNLWLTK-UHFFFAOYSA-N,Nc1ccc(cc1)[S](=O)(=O)c2ccc(N)cc2,0.6814571
CJBJHOAVZSMMDJ-HEXNFIEUSA-N,CC(C)CN(C[C@@H](O)[C@H](Cc1ccccc1)NC(=O)O[C@H]2CO[C@H]3OCC[C@@H]23)[S](=O)(=O)c4ccc(N)cc4,0.905855
NBRBXGKOEOGLOI-UHFFFAOYSA-N,COC1=C(C=C(C=C1C1=CC2=CC=C(NS(C)(=O)=O)C=C2C=C1)N1C=CC(=O)NC1=O)C(C)(C)C,0.94034904
ZBNZXTGUTAYRHI-UHFFFAOYSA-N,Cc1nc(Nc2sc(cn2)C(=O)Nc3c(C)cccc3Cl)cc(n1)N4CCN(CCO)CC4,0.9435672
STQGQHZAVUOBTE-VGBVRHCVSA-N,COc1cccc2C(=O)c3c(O)c4C[C@](O)(C[C@H](O[C@H]5C[C@H](N)[C@H](O)[C@H](C)O5)c4c(O)c3C(=O)c12)C(C)=O,0.8718173
FMSOAWSKCWYLBB-VBGLAJCLSA-N,OC(=O)c1ccc(cc1)N\2N\C(NC2=C\3C=CC=CC3=O)=C/4C=CC=CC4=O,0.93872935
UBQYURCVBFRUQT-UHFFFAOYSA-N,CC(=O)N(O)CCCCCNC(=O)CCC(=O)N(O)CCCCCNC(=O)CCC(=O)N(O)CCCCCN,0.08769575
XDAOLTSRNUSPPH-XMMPIXPASA-N,C[C@]1(COC2=CC=C(C=C2)N2CCC(CC2)OC2=CC=C(OC(F)(F)F)C=C2)CN2C=C(N=C2O1)[N+]([O-])=O,0.9698019
NFLWUMRGJYTJIN-UHFFFAOYSA-N,NC(=O)CCC1NC(=O)C(Cc2ccccc2)NC(=O)C(Cc3ccc(O)cc3)NC(=O)CCSSCC(NC(=O)C(CC(N)=O)NC1=O)C(=O)N4CCCC4C(=O)NC(CCCN=C(N)N)C(=O)NCC(N)=O,0.18618691
UREBDLICKHMUKA-CXSFZGCWSA-N,C[C@@H]1C[C@H]2[C@@H]3CCC4=CC(=O)C=C[C@]4(C)[C@@]3(F)[C@@H](O)C[C@]2(C)[C@@]1(O)C(=O)CO,0.76788807
AAOVKJBEBIDNHE-UHFFFAOYSA-N,CN1C(=O)CN=C(c2ccccc2)c3cc(Cl)ccc13,0.93629915
GDLBFKVLRPITMI-UHFFFAOYSA-N,CC1=N[S](=O)(=O)c2cc(Cl)ccc2N1,0.7274274
RCKMWOKWVGPNJF-UHFFFAOYSA-N,CCN(CC)C(=O)N1CCN(C)CC1,0.0128707215
LTMHDMANZUZIPE-PUGKRICDSA-N,C[C@H]1O[C@H](C[C@H](O)[C@@H]1O)O[C@H]2[C@@H](O)C[C@@H](O[C@@H]2C)O[C@H]3[C@@H](O)C[C@@H](O[C@@H]3C)O[C@H]4CC[C@@]5(C)[C@H](CC[C@@H]6[C@@H]5C[C@@H](O)[C@]7(C)[C@H](CC[C@]67O)C8=CC(=O)OC8)C4,0.40166008
BJDCWCLMFKKGEE-KXTPALSWSA-N,C[C@@H]1CC[C@H]2[C@@H](C)[C@@H](O)O[C@@H]3OC4(C)CC[C@@H]1[C@@]23OO4,0.8470348
GZZZSOOGQLOEOB-UHFFFAOYSA-N,CN(C(=O)C(Cl)Cl)c1ccc(O)cc1,0.59078205
WQABCVAJNWAXTE-UHFFFAOYSA-N,OCC(S)CS,0.7539837
ZDZOTLJHXYCWBA-VCVYQWHSSA-N,CC(=O)O[C@@]12CO[C@@H]1C[C@H](O)[C@]3(C)[C@@H]2[C@H](OC(=O)c4ccccc4)[C@]5(O)C[C@H](OC(=O)[C@H](O)[C@@H](NC(=O)OC(C)(C)C)c6ccccc6)C(=C([C@@H](O)C3=O)C5(C)C)C,0.9096037
APSBXTVYXVQYAB-UHFFFAOYSA-M,[Na+].CCCCC(CC)COC(=O)CC(C(=O)OCC(CC)CCCC)[S]([O-])(=O)=O,0.95055777
UKTAZPQNNNJVKR-UHFFFAOYSA-N,O=C1CN2C3CC(CC2CC1C3)OC(=O)c4c[nH]c5ccccc45,0.79639995
RHWKPHLQXYSBKR-BMIGLBTASA-N,[H][C@]12CN3C=C(C(=O)NCC4=CC=C(F)C=C4F)C(=O)C(O)=C3C(=O)N1[C@H](C)CCO2,0.9095387
VYFYYTLLBUKUHU-UHFFFAOYSA-N,NCCc1ccc(O)c(O)c1,0.17426828
ADAURKPGCFUREH-UQVCFKGQSA-N,O.C[C@@H]1[C@H]2[C@H](O)[C@H]3[C@H](N(C)C)C(=O)C(=C(N)/O)/C(=O)[C@@]3(O)C(=O)C2=C(O)c4c(O)cccc14,0.7994324
HGVDHZBSSITLCT-JLJPHGGASA-N,CN(C)C(=O)[C@H]1CC[C@H](NC(=O)C(=O)NC2=NC=C(Cl)C=C2)[C@@H](C1)NC(=O)C1=NC2=C(CN(C)CC2)S1,0.5582468
XPOQHMRABVBWPR-ZDUSSCGKSA-N,FC(F)(F)[C@]1(OC(=O)Nc2ccc(Cl)cc12)C#CC3CC3,0.95209444
VLCYCQAOQCDTCN-UHFFFAOYSA-N,NCCCC(N)(C(F)F)C(O)=O,0.045900717
OBWASQILIWPZMG-QZMOQZSNSA-N,OC[C@H]1O[C@H]([C@H](O)[C@@H](O)[C@@H]1O)C1=CC=C(Cl)C(CC2=CC=C(O[C@H]3CCOC3)C=C2)=C1,0.92797494
XQSPYNMVSIKCOC-NTSWFWBYSA-N,NC1=NC(=O)N(C=C1F)[C@@H]2CS[C@H](CO)O2,0.19669664
XQSPYNMVSIKCOC-NTSWFWBYSA-N,NC1=NC(=O)N(C=C1F)[C@@H]2CS[C@H](CO)O2,0.19669664
GBXSMTUPTTWBMN-XIRDDKMYSA-N,CCOC(=O)[C@H](CCc1ccccc1)N[C@@H](C)C(=O)N2CCC[C@H]2C(O)=O,0.62339926
HTTJABKRGRZYRN-UHFFFAOYSA-N,CC(=O)NC1C(O)OC(CO[S](O)(=O)=O)C(OC2OC(C(OC3OC(CO)C(OC4OC(C(O)C(O)C4O[S](O)(=O)=O)C(O)=O)C(O[S](O)(=O)=O)C3N[S](O)(=O)=O)C(O)C2O[S](O)(=O)=O)C(O)=O)C1O,0.8923757
YXPVEXCTPGULBZ-JBDQBEHPSA-N,O.NC1=NC(=O)c2ncn(C3C[C@H](O)[C@@H](CO)C3=C)c2N1,0.19377777
WXCXUHSOUPDCQV-UHFFFAOYSA-N,CNC(=O)C1=C(F)C=C(C=C1)N1C(=S)N(C(=O)C1(C)C)C1=CC=C(C#N)C(=C1)C(F)(F)F,0.93982506
KWGRBVOPPLSCSI-WPRPVWTQSA-N,CN[C@@H](C)[C@H](O)c1ccccc1,0.07526702
UCTWMZQNUQWSLP-VIFPVBQESA-N,CNC[C@H](O)c1ccc(O)c(O)c1,0.1165805
MECHNRXZTMCUDQ-VLOQVYPSSA-N,CC(C)[C@@H](C)/C=C/[C@@H](C)[C@H]1CC[C@H]2\C(CCC[C@]12C)=C\C=C3/C[C@@H](O)CCC3=C,0.9994346
YREISLCRUMOYAY-IIPCNOPRSA-N,C[C@@H](CO)NC(=O)[C@H]1CN(C)[C@@H]2Cc3c[nH]c4cccc(C2=C1)c34.OC(=O)\C=C/C(O)=O,0.57650936
GTTBEUCJPZQMDZ-UHFFFAOYSA-N,[H+].[Cl-].COCCOc1cc2ncnc(Nc3cccc(c3)C#C)c2cc1OCCOC,0.92990255
ULGZDMOVFRHVEP-RWJQBGPGSA-N,CC[C@H]1OC(=O)[C@H](C)[C@@H](O[C@H]2C[C@@](C)(OC)[C@@H](O)[C@H](C)O2)[C@H](C)[C@@H](O[C@@H]3O[C@H](C)C[C@@H]([C@H]3O)N(C)C)[C@](C)(O)C[C@@H](C)C(=O)[C@H](C)[C@@H](O)[C@]1(C)O,1.1042892
WSEQXVZVJXJVFP-FQEVSTJZSA-N,CN(C)CCC[C@]1(OCc2cc(ccc12)C#N)c3ccc(F)cc3,0.77703446
UOACKFBJUYNSLK-XRKIENNPSA-N,C[C@]12CC[C@H]3[C@@H](CCc4cc(O)ccc34)[C@@H]1CC[C@@H]2OC(=O)CCC5CCCC5,0.97849953
AEUTYOVWOVBAKS-UWVGGRQHSA-N,CC[C@@H](CO)NCCN[C@@H](CC)CO,0.0117866695
LFQSCWFLJHTTHZ-UHFFFAOYSA-N,CCO,-0.010636292
BFPYWIDHMRZLRN-SLHNCBLASA-N,C[C@]12CC[C@H]3[C@@H](CCc4cc(O)ccc34)[C@@H]1CC[C@@]2(O)C#C,0.9759936
AEOCXXJPGCBFJA-UHFFFAOYSA-N,CCc1cc(ccn1)C(N)=S,0.45167822
HAPOVYFOVVWLRS-UHFFFAOYSA-N,CCC1(C)CC(=O)NC1=O,0.19885585
GCKFUYQCUCGESZ-BPIQYHPVSA-N,CC[C@]12CC(=C)[C@H]3[C@@H](CCC4=CC(=O)CC[C@H]34)[C@@H]1CC[C@@]2(O)C#C,0.9500199
HKVAMNSJSFKALM-CNPAPGRKSA-N,CO[C@@H]1C[C@@H](CC[C@H]1OCCO)C[C@@H](C)[C@@H]2CC(=O)[C@H](C)\C=C(C)/[C@@H](O)[C@@H](OC)C(=O)[C@H](C)C[C@H](C)\C=C\C=C/C=C(C)/[C@H](C[C@@H]3CC[C@@H](C)[C@@](O)(O3)C(=O)C(=O)N4CCCC[C@H]4C(=O)O2)OC,0.91137254
PJMPHNIQZUBGLI-UHFFFAOYSA-N,CCC(=O)N(C1CCN(CC1)CCc2ccccc2)c3ccccc3,0.9395259
MIWWSGDADVMLTG-UHFFFAOYSA-N,CSc1ccc(OCc2ncc(n2C)[N+]([O-])=O)cc1,0.9183481
RWTNPBWLLIMQHL-UHFFFAOYSA-N,CC(C)(C(O)=O)c1ccc(cc1)C(O)CCCN2CCC(CC2)C(O)(c3ccccc3)c4ccccc4,0.86388415
RFHAOTPXVQNOHP-UHFFFAOYSA-N,OC(Cn1cncn1)(Cn2cncn2)c3ccc(F)cc3F,0.29906845
XRECTZIEBJDKEO-UHFFFAOYSA-N,NC1=C(F)C=NC(=O)N1,0.002449967
HBUBKKRHXORPQB-FJFJXFQQSA-N,Nc1nc(F)nc2n(cnc12)[C@@H]3O[C@H](CO)[C@@H](O)[C@@H]3O,0.15355967
AAXVEMMRQDVLJB-BULBTXNYSA-N,C[C@]12C[C@H](O)[C@@]3(F)[C@@H](CCC4=CC(=O)CC[C@]34C)[C@@H]1CC[C@]2(O)C(=O)CO,0.68164647
MIXMJCQRHVAJIO-RRPCVRMZSA-N,O.CC1(C)O[C@@H]2CC3[C@@H]4C[C@H](F)C5=CC(=O)C=CC5(C)[C@H]4[C@@H](O)C[C@]3(C)[C@@]2(O1)C(=O)CO.CC6(C)O[C@@H]7CC8[C@@H]9C[C@H](F)C%10=CC(=O)C=CC%10(C)[C@H]9[C@@H](O)C[C@]8(C)[C@@]7(O6)C(=O)CO,0.86131144
GNBHRKFJIUUOQI-UHFFFAOYSA-N,Oc1ccc2c(Oc3cc(O)ccc3C24OC(=O)c5ccccc45)c1,0.9601633
KRHYYFGTRYWZRS-UHFFFAOYSA-M,[F-],nan
GHASVSINZRGABV-UHFFFAOYSA-N,FC1=CNC(=O)NC1=O,-0.028634205
RTHCYVBBDHJXIQ-UHFFFAOYSA-N,CNCCC(Oc1ccc(cc1)C(F)(F)F)c2ccccc2,0.90101105
PLDUPXSUYLZYBN-UHFFFAOYSA-N,OCCN1CCN(CCCN2c3ccccc3Sc4ccc(cc24)C(F)(F)F)CC1,0.95288354
MKXKFYHWDHIYRV-UHFFFAOYSA-N,CC(C)C(=O)Nc1ccc(c(c1)C(F)(F)F)[N+]([O-])=O,0.92675793
MGNNYOODZCAHBA-GQKYHHCASA-N,[H][C@@]12C[C@@H](C)[C@](O)(C(=O)SCF)[C@@]1(C)C[C@H](O)[C@@]1(F)[C@@]2([H])C[C@H](F)C2=CC(=O)C=C[C@]12C,0.88209254
XTULMSXFIHGYFS-VLSRWLAYSA-N,C[C@@H]1C[C@H]2[C@@H]3C[C@H](F)C4=CC(=O)C=C[C@]4(C)[C@@]3(F)[C@@H](O)C[C@]2(C)[C@@]1(OC(=O)c5occc5)C(=O)SCF,0.938999
FJLGEFLZQAZZCD-VVZAMHAXSA-N,CC(C)n1c2ccccc2c(c3ccc(F)cc3)c1\C=C\[C@@H](O)C[C@H](O)CC(O)=O,0.85966134
LFMYNZPAVPMEGP-PIDGMYBPSA-N,COCCCC\C(=N/OCCN)c1ccc(cc1)C(F)(F)F.OC(=O)\C=C/C(O)=O,0.6074356
OVBPIULPVIDEAO-LBPRGKRZSA-N,NC1=Nc2ncc(CNc3ccc(cc3)C(=O)N[C@@H](CCC(O)=O)C(O)=O)nc2C(=O)N1,0.65147704
RIKMMFOAQPJVMX-UHFFFAOYSA-N,Cc1c[nH]nc1,0.0009156838
BPZSYCZIITTYBL-UHFFFAOYSA-N,COc1ccc(CC(C)NCC(O)c2ccc(O)c(NC=O)c2)cc1,0.668698
ZZUFCTLCJUWOSV-UHFFFAOYSA-N,N[S](=O)(=O)c1cc(C(O)=O)c(NCc2occc2)cc1Cl,0.8827508
XGALLCVXEZPNRQ-UHFFFAOYSA-N,COc1cc2ncnc(Nc3ccc(F)c(Cl)c3)c2cc1OCCCN4CCOCC4,0.9469663
SDUQYLNIPVEERB-QPPQHZFASA-N,NC1=NC(=O)N(C=C1)[C@@H]2O[C@H](CO)[C@@H](O)C2(F)F,0.082597494
CEAZRRDELHUEMR-UHFFFAOYSA-N,CNC(C)C1CCC(N)C(O1)OC2C(N)CC(N)C(OC3OCC(C)(O)C(NC)C3O)C2O,0.045834646
MLSQGNCUYAMAHD-ITNVBOSISA-N,[H][C@@]12CN(C(=O)[C@@]([H])(NC(=O)O[C@]3([H])CCC[C@@]3([H])OC\C=C\C(F)(F)C3=NC4=C(C=CC=C4)N=C3O1)C(C)(C)C)[C@@]([H])(C2)C(=O)N[C@@]1(C[C@H]1C(F)F)C(=O)NS(=O)(=O)C1(C)CC1,0.9416041
BOVGTQGAOIONJV-UHFFFAOYSA-N,Cc1ccc(cc1)[S](=O)(=O)NC(=O)NN2CC3CCCC3C2,0.874708
GZCGUPFRVQAUEE-SLPGGIOYSA-N,OC[C@@H](O)[C@@H](O)[C@H](O)[C@@H](O)C=O,0.058403302
SXRSQZLOMIGNAQ-UHFFFAOYSA-N,O=CCCCC=O,0.03587061
SANLOIZWNRODOC-UHFFFAOYSA-N,OCC(O)CO[N+]([O-])=O.[O-][N+]([O-])=O.[O-][N+]([O-])=O,0.41389018
ANGKOCUUWGHLCE-UHFFFAOYSA-N,C[N+]1(C)CCC(C1)OC(=O)C(O)(C1CCCC1)C1=CC=CC=C1,0.39803714
BLCLNMBMMGCOAS-UHFFFAOYSA-N,CC(C)CC(NC(=O)C(COC(C)(C)C)NC(=O)C(Cc1ccc(O)cc1)NC(=O)C(CO)NC(=O)C(Cc2c[nH]c3ccccc23)NC(=O)C(Cc4[nH]cnc4)NC(=O)C5CCC(=O)N5)C(=O)NC(CCCN=C(N)N)C(=O)N6CCCC6C(=O)NNC(N)=O,0.27997112
MFWNKCLOYSRHCJ-AGUYFDCRSA-N,CN1[C@H]2CCC[C@@H]1CC(C2)NC(=O)c3nn(C)c4ccccc34,0.6033617
IIUZTXTZRGLYTI-LKUJNTHKSA-N,COC1CC(=O)C[C@@H](C)[C@]12Oc3c(Cl)c(OC)cc(OC)c3C2=O,0.8866986
LNEPOXFFQSENCJ-UHFFFAOYSA-N,OC1(CCN(CCCC(=O)c2ccc(F)cc2)CC1)c3ccc(Cl)cc3,0.8987654
BCQZXOMGPXTTIC-UHFFFAOYSA-N,FC(F)(F)C(Cl)Br,0.8543576
HTTJABKRGRZYRN-UHFFFAOYSA-N,CC(=O)NC1C(O)OC(CO[S](O)(=O)=O)C(OC2OC(C(OC3OC(CO)C(OC4OC(C(O)C(O)C4O[S](O)(=O)=O)C(O)=O)C(O[S](O)(=O)=O)C3N[S](O)(=O)=O)C(O)C2O[S](O)(=O)=O)C(O)=O)C1O,0.8923757
SPSXSWRZQFPVTJ-ZQQKUFEYSA-N,CSCC[C@H](N)C(=O)N[C@@H](CCC(N)=O)C(=O)N[C@@H](Cc1c[nH]c2ccccc12)C(=O)N[C@@H](CC(N)=O)C(=O)N[C@@H](CO)C(=O)N[C@@H]([C@@H](C)O)C(=O)N[C@@H]([C@@H](C)O)C(=O)N[C@@H](Cc3ccccc3)C(=O)N[C@@H](CC4C=NC=N4)C(=O)N[C@@H](CCC(N)=O)C(=O)N[C@@H]([C@@H](C)O)C(=O)N[C@@H](CC(C)C)C(=O)N[C@@H](CCC(N)=O)C(=O)N[C@@H](CC(O)=O)C(=O)N5CCC[C@H]5C(=O)N[C@@H](CCCNC(N)=N)C(=O)N[C@@H](C(C)C)C(=O)OC(=O)CNC(=O)CNC(=O)[C@H](C)NC(=O)[C@@H]6CCCN6C(=O)[C@H](Cc7ccccc7)NC(=O)[C@H](Cc8ccc(O)cc8)NC(=O)[C@H](CC(C)C)NC(=O)CNC(=O)[C@@H](N)CCCNC(N)=N,1.0491328
JZUFKLXOESDKRF-UHFFFAOYSA-N,N[S](=O)(=O)c1cc2c(NCN[S]2(=O)=O)cc1Cl,0.57930285
JYGXADMDTFJGBT-VWUMJDOOSA-N,C[C@]12CCC(=O)C=C1CC[C@H]3[C@@H]4CC[C@](O)(C(=O)CO)[C@@]4(C)C[C@H](O)[C@H]23,0.60597086
WVLOADHCBXTIJK-YNHQPCIGSA-N,CN1CC[C@@]23[C@H]4CCC(=O)[C@@H]2Oc5c(O)ccc(C[C@@H]14)c35,0.23222826
VSNHCAURESNICA-UHFFFAOYSA-N,NC(=O)NO,0.028741412
HOZOZZFCZRXYEK-GXLSIKBRSA-M,[Br-].CCCC[N+]1(C)[C@H]2CC(C[C@H]1[C@@H]3O[C@H]23)OC(=O)C(CO)c4ccccc4,0.65709543
WTGQALLALWYDJH-WYHSTMEOSA-N,[Br-].CN1[C@H]2CC(C[C@@H]1[C@H]3O[C@@H]23)OC(=O)[C@H](CO)c4ccccc4.[H+],0.62676835
XYFPWWZEPKGCCK-GOSISDBHSA-N,NC1=NC=NC2=C1C(=NN2[C@@H]1CCCN(C1)C(=O)C=C)C1=CC=C(OC2=CC=CC=C2)C=C1,0.90987873
HEFNNWSXXWATRW-UHFFFAOYSA-N,CC(C)Cc1ccc(cc1)C(C)C(O)=O,0.92785656
HOMGKSMUEGBAAB-UHFFFAOYSA-N,ClCCN[P]1(=O)OCCCN1CCCl,0.10006397
KTUFNOKKBVMGRW-UHFFFAOYSA-N,CN1CCN(CC1)Cc2ccc(cc2)C(=O)Nc3ccc(C)c(Nc4nccc(n4)c5cccnc5)c3,0.9524228
GSOSVVULSKVSLQ-XMCAPODCSA-N,O.C[C@H](O)[C@@H]1[C@H]2CC(=C(N2C1=O)C(O)=O)SCCN=CN,0.16181314
NDDAHWYSQHTHNT-UHFFFAOYSA-N,CC1Cc2ccccc2N1NC(=O)c3ccc(Cl)c(c3)[S](N)(=O)=O,0.92419285
CGIGDMFJXJATDK-UHFFFAOYSA-N,COc1ccc2n(c(C)c(CC(O)=O)c2c1)C(=O)c3ccc(Cl)cc3,0.96292436
PBGKTOXHQIOBKM-FHFVDXKLSA-N,CC[C@H](C)[C@H](NC(=O)CN)C(=O)N[C@@H](C(C)C)C(=O)N[C@@H](CCC(O)=O)C(=O)N[C@@H](CCC(N)=O)C(=O)N[C@H]1CSSC[C@@H]2NC(=O)[C@@H](NC(=O)[C@H](CO)NC(=O)[C@@H](NC(=O)[C@H](CSSC[C@H](NC(=O)[C@H](CC(C)C)NC(=O)[C@H](Cc3[nH]cnc3)NC(=O)[C@H](CCC(N)=O)NC(=O)[C@H](CC(N)=O)NC(=O)[C@@H](NC(=O)[C@@H](N)Cc4ccccc4)C(C)C)C(=O)NCC(=O)N[C@@H](CO)C(=O)N[C@@H](Cc5[nH]cnc5)C(=O)N[C@@H](CC(C)C)C(=O)N[C@@H](C(C)C)C(=O)N[C@@H](CCC(O)=O)C(=O)N[C@@H](C)C(=O)N[C@@H](CC(C)C)C(=O)N[C@@H](Cc6ccc(O)cc6)C(=O)N[C@@H](CC(C)C)C(=O)N[C@@H](C(C)C)C(=O)N[C@@H](CSSC[C@H](NC(=O)[C@H](Cc7ccc(O)cc7)NC(=O)[C@H](CC(N)=O)NC(=O)[C@H](CCC(O)=O)NC(=O)[C@H](CC(C)C)NC(=O)[C@H](CCC(N)=O)NC(=O)[C@H](Cc8ccc(O)cc8)NC(=O)[C@H](CC(C)C)NC(=O)[C@H](CO)NC2=O)C(=O)N[C@@H](CC(N)=O)C(O)=O)C(=O)NCC(=O)N[C@@H](CCC(O)=O)C(=O)N[C@@H](CCCNC(N)=N)C(=O)NCC(=O)N[C@@H](Cc9ccccc9)C(=O)N[C@@H](Cc%10ccccc%10)C(=O)N[C@@H](Cc%11ccc(O)cc%11)C(=O)N[C@@H]([C@@H](C)O)C(=O)N%12CCC[C@H]%12C(=O)N[C@@H](CCCCN)C(=O)N[C@@H]([C@@H](C)O)C(O)=O)NC1=O)[C@@H](C)O)[C@@H](C)CC,1.2158734
ZCYVEMRRCGMTRW-UHFFFAOYSA-N,[I],nan
NTHXOOBQLCIOLC-UHFFFAOYSA-N,CC(=O)N(CC(O)CO)c1c(I)c(C(=O)NCC(O)CO)c(I)c(C(=O)NCC(O)CO)c1I,0.14472103
LHLMOSXCXGLMMN-UHFFFAOYSA-M,[Br-].CC(C)[N+]1(C)C2CCC1CC(C2)OC(=O)C(CO)c3ccccc3,0.45986634
UWKQSNNFCGGAFS-XIFFEERXSA-N,CCc1c2CN3C(=O)C4=C(C=C3c2nc5ccc(OC(=O)N6CCC(CC6)N7CCCCC7)cc15)[C@@](O)(CC)C(=O)OC4,0.89182156
PIWKPBJCKXDKJR-UHFFFAOYSA-N,FC(F)OC(Cl)C(F)(F)F,0.35960433
QRXWMOHMRWLFEY-UHFFFAOYSA-N,NNC(=O)c1ccncc1,0.039623145
QRXWMOHMRWLFEY-UHFFFAOYSA-N,NNC(=O)c1ccncc1,0.039623145
MOYKHGMNXAOIAT-JGWLITMVSA-N,[O-][N+](=O)O[C@H]1CO[C@@H]2[C@@H](CO[C@H]12)O[N+]([O-])=O,0.33240375
VHVPQPYKVGDNFY-ZPGVKDDISA-N,CCC(C)N1N=CN(C1=O)c2ccc(cc2)N3CCN(CC3)c4ccc(OC[C@H]5CO[C@@](Cn6cncn6)(O5)c7ccc(Cl)cc7Cl)cc4,0.95357585
SPBDXSGPUHCETR-MVGRHBATSA-N,CCC(C)[C@H]1O[C@]2(CC[C@@H]1C)C[C@@H]3C[C@@H](C/C=C(C)/[C@@H](O[C@H]4C[C@H](OC)[C@@H](O[C@H]5C[C@H](OC)[C@@H](O)[C@H](C)O5)[C@H](C)O4)[C@@H](C)/C=C/C=C/6CO[C@@H]7[C@H](O)C(=C[C@@H](C(=O)O3)[C@]67O)C)O2.CO[C@H]8C[C@@H](O[C@@H](C)[C@@H]8O)O[C@H]9[C@H](C)O[C@H](C[C@@H]9OC)O[C@H]\%10[C@@H](C)/C=C/C=C/%11CO[C@@H]%12[C@H](O)C(=C[C@@H](C(=O)O[C@H]%13C[C@@H](C/C=C%10C)O[C@@]%14(CC[C@H](C)[C@H](O%14)C(C)C)C%13)[C@]%11%12O)C,0.90717685
SBUJHOSQTJFQJX-UHFFFAOYSA-N,NCC1OC(OC2C(N)CC(N)C(OC3OC(CO)C(O)C(N)C3O)C2O)C(O)C(O)C1O,0.00902731
YQEZLKZALYSWHR-UHFFFAOYSA-N,CNC1(CCCCC1=O)c2ccccc2Cl,0.66547287
JCQLYHFGKNRPGE-FCVZTGTOSA-N,OC[C@H]1O[C@@H](O[C@@H]2[C@@H](CO)O[C@](O)(CO)[C@H]2O)[C@H](O)[C@@H](O)[C@H]1O,0.11611658
JTEGQNOMFQHVDC-NKWVEPMBSA-N,NC1=NC(=O)N(C=C1)[C@@H]2CS[C@H](CO)O2,0.1948199
JTEGQNOMFQHVDC-NKWVEPMBSA-N,NC1=NC(=O)N(C=C1)[C@@H]2CS[C@H](CO)O2,0.1948199
PYZRQGJRPPTADH-UHFFFAOYSA-N,Nc1nnc(c(N)n1)c2cccc(Cl)c2Cl,0.72305065
GGXICVAJURFBLW-RDSJPUOVSA-N,CC(C)OC(=O)CCC/C=C/C[C@H]1[C@@H](O)C[C@@H](O)[C@@H]1CC[C@@H](O)CCc2ccccc2,0.96100515
VRTWBAAJJOHBQU-KMWAZVGDSA-N,COC(=O)N[C@@H](C(C)C)C(=O)N1CC2(CC2)C[C@H]1C1=NC(=CN1)C1=CC=C2C3=CC=C(C=C3C(F)(F)C2=C1)C1=CC=C2NC(=NC2=C1)[C@@H]1[C@H]2CC[C@H](C2)N1C(=O)[C@@H](NC(=O)OC)C(C)C,0.9642215
GOTYRUGSSMKFNF-UHFFFAOYSA-N,Nc1cccc2C(=O)N(Cc12)C3CCC(=O)NC3=O,0.31325787
GFIJNRVAKGFPGQ-UHFFFAOYSA-N,CCNC(=O)C1CCCN1C(=O)C(CCCN=C(N)N)NC(=O)C(CC(C)C)NC(=O)C(CC(C)C)NC(=O)C(Cc2ccc(O)cc2)NC(=O)C(CO)NC(=O)C(Cc3c[nH]c4ccccc34)NC(=O)C(Cc5[nH]cnc5)NC(=O)C6CCC(=O)N6,0.43506023
HLFSDGLLUJUHTE-SNVBAGLBSA-N,C1CN2C[C@@H](N=C2S1)c3ccccc3,0.809359
WTDRDQBEARUVNC-LURJTMIESA-N,N[C@@H](Cc1ccc(O)c(O)c1)C(O)=O,0.2957095
GSDSWSVVBLHKDQ-JTQLQIEISA-N,C[C@H]1COc2c(N3CCN(C)CC3)c(F)cc4C(=O)C(=CN1c24)C(O)=O,0.40672064
WWYNJERNGUHSAO-XUDSTZEESA-N,CC[C@]12CC[C@H]3[C@@H](CCC4=CC(=O)CC[C@H]34)[C@@H]1CC[C@@]2(O)C#C,0.9694392
XUIIKFGFIJCVMT-UHFFFAOYSA-N,NC(Cc1cc(I)c(Oc2cc(I)c(O)c(I)c2)c(I)c1)C(O)=O,0.9270528
NNJVILVZKWQKPM-UHFFFAOYSA-N,CCN(CC)CC(=O)Nc1c(C)cccc1C,0.6018612
CZRQXSDBMCMPNJ-ZUIPZQNBSA-N,O.O.NCCCC[C@H](N[C@@H](CCc1ccccc1)C(O)=O)C(=O)N2CCC[C@H]2C(O)=O,0.27142674
XGZVUEUWXADBQD-UHFFFAOYSA-L,[Li+].[Li+].[O-]C([O-])=O,0.075112954
RDOIQAHITMMDAJ-UHFFFAOYSA-N,CN(C)C(=O)C(CCN1CCC(O)(CC1)c2ccc(Cl)cc2)(c3ccccc3)c4ccccc4,0.9436876
KJHKTHWMRKYKJE-SUGCFTRWSA-N,CC(C)[C@H](N1CCCNC1=O)C(=O)N[C@H](C[C@H](O)[C@H](Cc2ccccc2)NC(=O)COc3c(C)cccc3C)Cc4ccccc4,0.9799462
JCCNYMKQOSZNPW-UHFFFAOYSA-N,CCOC(=O)N1CCC(CC1)=C2c3ccc(Cl)cc3CCc4cccnc24,0.9695041
DIWRORZWFLOCLC-UHFFFAOYSA-N,OC1N=C(c2ccccc2Cl)c3cc(Cl)ccc3NC1=O,0.9544505
PSIFNNKUMBGKDQ-UHFFFAOYSA-N,CCCCc1nc(Cl)c(CO)n1Cc2ccc(cc2)c3ccccc3c4n[nH]nn4,0.94727165
PCZOHLXUXFIOCF-BXMDZJJMSA-N,CC[C@H](C)C(=O)O[C@H]1C[C@@H](C)C=C2C=C[C@H](C)[C@H](CC[C@@H]3C[C@@H](O)CC(=O)O3)[C@@H]12,0.9265479
DKNPRRRKHAEUMW-UHFFFAOYSA-N,[K+].I[I-]I,-0.10533866
DYLGFOYVTXJFJP-MFKUBSTISA-N,CCCCN(CCCC)CC(O)c1cc(Cl)cc2\C(=C\c3ccc(Cl)cc3)c4cc(Cl)ccc4c12,0.978055
CSNNHWWHGAXBCP-UHFFFAOYSA-L,[Mg++].[O-][S]([O-])(=O)=O,0.13547131
FBPFZTCFMRRESA-KVTDHHQDSA-N,OC[C@@H](O)[C@@H](O)[C@H](O)[C@H](O)CO,0.049463276
OPXLLQIJSORQAM-UHFFFAOYSA-N,COC(=O)Nc1[nH]c2cc(ccc2n1)C(=O)c3ccccc3,0.93704545
PSGAAPLEWMOORI-PEINSRQWSA-N,C[C@H]1C[C@@H]2[C@H](CC[C@@]3(C)[C@H]2CC[C@]3(OC(C)=O)C(C)=O)[C@@]4(C)CCC(=O)C=C14,0.9384999
XEEQGYMUWCZPDN-UHFFFAOYSA-N,OC(C1CCCCN1)c2cc(nc3c2cccc3C(F)(F)F)C(F)(F)F,0.92661726
XOGYVDXPYVPAAQ-SESJOKTNSA-M,O[Sb](=O)=O.CNC[C@H](O)[C@@H](O)[C@H](O)[C@H](O)CO,0.18330443
DELCIEAGWBSQGH-WZTVWXICSA-N,CNC[C@H](O)[C@@H](O)[C@H](O)[C@H](O)CO.OC(=O)c1c(I)cc(I)c(I)c1NC(=O)COCCOCCOCC(=O)Nc2c(I)c(I)cc(I)c2C(O)=O,0.2517497
JCYZMTMYPZHVBF-UHFFFAOYSA-N,Nc1nc(N)nc(Nc2ccc(cc2)[As]3SCC(CO)S3)n1,0.8139441
SGDBTWWWUNNDEQ-UHFFFAOYSA-N,NC(Cc1ccc(cc1)N(CCCl)CCCl)C(O)=O,0.6086064
GLVAUDGFNGKCSF-UHFFFAOYSA-N,S=C1N=CNc2nc[nH]c12,0.09466113
CTUAQTBUVLKNDJ-TXBRDXQXSA-N,O.O.O.C[C@H](O)C1C2[C@@H](C)C(=C(N2C1=O)C(O)=O)S[C@@H]3CN[C@@H](C3)C(=O)N(C)C,0.41352576
KBOPZPXVLCULAV-UHFFFAOYSA-N,Nc1ccc(O)c(c1)C(O)=O,0.28234226
XOGTZOOQQBDUSI-UHFFFAOYSA-M,[Na+].[O-][S](=O)(=O)CCS,0.6641149
OETHQSJEHLVLGH-UHFFFAOYSA-N,[H+].[Cl-].CN(C)C(=N)N=C(N)N,0.13946828
USSIQXCVUWKGNF-UHFFFAOYSA-N,CCC(=O)C(CC(C)N(C)C)(c1ccccc1)c2ccccc2,0.8268532
PMRYVIKBURPHAH-UHFFFAOYSA-N,CN1C=CNC1=S,0.019632868
FBOZXECLQNJBKD-ZDUSSCGKSA-N,CN(Cc1cnc2nc(N)nc(N)c2n1)c3ccc(cc3)C(=O)N[C@@H](CCC(O)=O)C(O)=O,0.51957405
UNBRKDKAWYKMIV-QWQRMKEZSA-N,CC[C@@H](CO)NC(=O)[C@H]1CN(C)[C@@H]2Cc3c[nH]c4cccc(C2=C1)c34,0.74187595
VHRSUDSXCMQTMA-PJHHCJLFSA-N,C[C@H]1C[C@H]2[C@@H]3CC[C@](O)(C(=O)CO)[C@@]3(C)C[C@H](O)[C@@H]2[C@@]4(C)C=CC(=O)C=C14,0.69123715
UYIDWJXVRJXHKX-UHFFFAOYSA-N,[Cl-].CC1=CC=CC=CC=C[SH+]1,0.9543164
TTWJBBZEZQICBI-UHFFFAOYSA-N,CCN(CC)CCNC(=O)c1cc(Cl)c(N)cc1OC,0.3101853
IUBSYMUCCVWXPE-UHFFFAOYSA-N,COCCc1ccc(OCC(O)CNC(C)C)cc1,0.17877755
VAOCPAMSLUNLGC-UHFFFAOYSA-N,Cc1ncc(n1CCO)[N+]([O-])=O,-0.033078656
PIEUQSKUWLMALL-YABMTYFHSA-N,CCCCCOc1ccc(cc1)c2onc(c2)c3ccc(cc3)C(=O)N[C@H]4C[C@@H](O)[C@@H](O)NC(=O)[C@@H]5[C@@H](O)[C@@H](C)CN5C(=O)[C@@H](NC(=O)[C@@H](NC(=O)[C@@H]6C[C@@H](O)CN6C(=O)[C@@H](NC4=O)[C@@H](C)O)[C@H](O)[C@@H](O)c7ccc(O)c(O[S](O)(=O)=O)c7)[C@H](O)CC(N)=O,0.8583477
BYBLEWFAAKGYCD-UHFFFAOYSA-N,Clc1ccc(COC(Cn2ccnc2)c3ccc(Cl)cc3Cl)c(Cl)c1,0.9636958
DDLIGBOFAVUZHB-UHFFFAOYSA-N,Cc1ncc2CN=C(c3ccccc3F)c4cc(Cl)ccc4n12,0.9433837
VKHAHZOOUSRJNA-GCNJZUOMSA-N,[H][C@@]12CC[C@@](O)(C#CC)[C@@]1(C)C[C@H](C1=CC=C(C=C1)N(C)C)C1=C3CCC(=O)C=C3CC[C@@]21[H],0.97190744
OJLOPKGSLYJEMD-URPKTTJQSA-N,CCCCC(C)(O)C\C=C\[C@H]1[C@H](O)CC(=O)[C@@H]1CCCCCCC(=O)OC,0.9479862
PQLXHQMOHUQAKB-UHFFFAOYSA-N,CCCCCCCCCCCCCCCCO[P]([O-])(=O)OCC[N+](C)(C)C,1.002658
OJLOPKGSLYJEMD-URPKTTJQSA-N,CCCCC(C)(O)C\C=C\[C@H]1[C@H](O)CC(=O)[C@@H]1CCCCCCC(=O)OC,0.9479862
QLIIKPVHVRXHRI-CXSFZGCWSA-N,C[C@@H]1C[C@H]2[C@@H]3CCC4=CC(=O)C=C[C@]4(C)[C@@]3(Cl)[C@@H](O)C[C@]2(C)[C@@]1(O)C(=O)CCl,0.9445148
BQJCRHHNABKAKU-KBQPJGBKSA-N,CN1CC[C@]23[C@H]4Oc5c(O)ccc(C[C@@H]1[C@@H]2C=C[C@@H]4O)c35,0.2459044
FABPRXSRWADJSP-MEDUHNTESA-N,COc1c(N2C[C@@H]3CCCN[C@@H]3C2)c(F)cc4C(=O)C(=CN(C5CC5)c14)C(O)=O,0.53528523
MINDHVHHQZYEEK-HBBNESRFSA-N,C[C@H](O)[C@H](C)[C@@H]1O[C@H]1C[C@H]2CO[C@@H](C\C(C)=C\C(=O)OCCCCCCCCC(O)=O)[C@H](O)[C@@H]2O,0.8327197
UZHSEJADLWPNLE-GRGSLBFTSA-N,Oc1ccc2C[C@H]3N(CC[C@@]45[C@@H](Oc1c24)C(=O)CC[C@@]35O)CC=C,0.37382442
NCXMLFZGDNKEPB-FFPOYIOWSA-N,[H][C@@]12C[C@H](O)C[C@]3(O)C[C@H](O)[C@@H](C(O)=O)[C@]([H])(C[C@@H](O[C@]4([H])O[C@H](C)[C@@H](O)[C@H](N)[C@@H]4O)\C=C\C=C\C=C\C=C\C[C@@H](C)OC(=O)\C=C\[C@@]1([H])O2)O3,0.6549194
ALWKGYPQUAPLQC-UHFFFAOYSA-N,CN(C)C(=O)Oc1cccc(c1)[N+](C)(C)C,0.04332707
CIDUJQMULVCIBT-MQDUPKMGSA-N,CCN[C@@H]1C[C@H](N)[C@@H](O[C@H]2OC(=CC[C@H]2N)CN)[C@H](O)[C@H]1O[C@H]3OC[C@](C)(O)[C@H](NC)[C@H]3O,0.11096389
NQDJXKOVJZTUJA-UHFFFAOYSA-N,Cc1ccnc2N(C3CC3)c4ncccc4C(=O)Nc12,0.85940856
RJMUSRYZPJIFPJ-UHFFFAOYSA-N,Oc1ccc(Cl)cc1C(=O)Nc2ccc(cc2Cl)[N+]([O-])=O,0.96449304
DFPAKSUCGFBDDF-UHFFFAOYSA-N,NC(=O)c1cccnc1,0.026680574
SNICXCGAKADSCV-JTQLQIEISA-N,CN1CCC[C@H]1C1=CN=CC=C1,0.01730457
HYIMSNHJOBLJNT-UHFFFAOYSA-N,COC(=O)C1=C(C)NC(=C(C1c2ccccc2[N+]([O-])=O)C(=O)OC)C,0.9538865
ARFHIAQFJWUCFH-IZZDOVSWSA-N,CC1C[S](=O)(=O)CCN1\N=C\c2oc(cc2)[N+]([O-])=O,0.62094504
HHZIURLSWUIHRB-UHFFFAOYSA-N,CC1=CN(C=N1)C1=CC(NC(=O)C2=CC=C(C)C(NC3=NC=CC(=N3)C3=CN=CC=C3)=C2)=CC(=C1)C(F)(F)F,0.9787691
XWXYUMMDTVBTOU-UHFFFAOYSA-N,CC1(C)NC(=O)N(c2ccc(c(c2)C(F)(F)F)[N+]([O-])=O)C1=O,0.8670381
NXFQHRVNIOXGAQ-YCRREMRBSA-N,[O-][N+](=O)c1oc(cc1)/C=N/N2CC(=O)NC2=O,0.3197626
GQPLMRYTRLFLPF-UHFFFAOYSA-N,[O-][N+]#N,0.20126018
VIKNJXKGJWUCNN-XGXHKTLJSA-N,C[C@]12CC[C@H]3[C@@H](CCC4=CC(=O)CC[C@H]34)[C@@H]1CC[C@@]2(O)C#C,0.97252643
APTGJECXMIKIET-NPQQHUBFSA-N,CCCCCCC(=O)O[C@]1(CC[C@H]2C3CCC4=CC(=O)CC[C@@H]4[C@H]3CC[C@]12C)C#C,0.9642852
ZDFDJJJGIRGMBE-AFARJNEBSA-N,CC1OC(=O)CC(O)CC(O)CC(O)CCC(O)C(O)CC(=O)CC(O)C(C(O)CC(OC2O[C@H](C)[C@@H](O)[C@H](N)[C@@H]2O)\C=C\C=C\C=C\C=C\CC/C=C/C=C/C(C)C(O)C1C)C(O)=O,0.76165414
PIDFDZJZLOTZTM-KHVQSSSXSA-N,COC(=O)N[C@@H](C(C)C)C(=O)N1CCC[C@H]1C(=O)NC1=CC=C(C=C1)[C@@H]1CC[C@H](N1C1=CC=C(C=C1)C(C)(C)C)C1=CC=C(NC(=O)[C@@H]2CCCN2C(=O)[C@@H](NC(=O)OC)C(C)C)C=C1,0.9295573
SUBDBMMJDZJVOS-UHFFFAOYSA-N,COc1ccc2nc([nH]c2c1)[S](=O)Cc3ncc(C)c(OC)c3C,0.9371451
FELGMEQIXOGIFQ-UHFFFAOYSA-N,Cn1c2CCC(Cn3ccnc3C)C(=O)c2c4ccccc14,0.8053583
VSZGPKBBMSAYNT-RRFJBIMHSA-N,CCOC(=O)C1=C[C@@H](OC(CC)CC)[C@H](NC(C)=O)[C@@H](N)C1,0.34122175
ZROHGHOFXNOHSO-UHFFFAOYSA-L,[Pt++].NC1CCCCC1N.[O-]C(=O)C([O-])=O,0.05249266
XCGYUJZMCCFSRP-UHFFFAOYSA-N,CC(C)NCC1CCc2cc(CO)c(cc2N1)[N+]([O-])=O,0.2695366
BRUQQQPBMZOVGD-XFKAJCMBSA-N,COc1ccc2C[C@H]3N(C)CC[C@@]45[C@@H](Oc1c24)C(=O)CC[C@@]35O,0.21341568
XLYOFNOQVPJJNP-UHFFFAOYSA-N,O,nan
QRTMTZAUGTXZOA-ZGYDFYMOSA-N,O.O.CN(C)[C@H]1[C@@H]2[C@@H](O)[C@H]3C(=C(O)c4c(O)cccc4[C@@]3(C)O)C(=O)[C@]2(O)C(=O)\C(=C(N)/O)C1=O,0.62248206
XNOPRXBHLZRZKH-DSZYJQQASA-N,CC[C@H](C)[C@@H]1NC(=O)[C@H](Cc2ccc(O)cc2)NC(=O)[C@@H](N)CSSC[C@H](NC(=O)[C@H](CC(N)=O)NC(=O)[C@H](CCC(N)=O)NC1=O)C(=O)N3CCC[C@H]3C(=O)N[C@@H](CC(C)C)C(=O)NCC(N)=O,0.069226496
WUBBRNOQWQTFEX-UHFFFAOYSA-N,Nc1ccc(C(O)=O)c(O)c1,0.28502926
RCINICONZNJXQF-VAZQATRQSA-N,CC(=O)O[C@H]1C(=O)[C@]2(C)[C@@H](O)C[C@H]3OC[C@@]3(OC(C)=O)C2[C@H](OC(=O)c4ccccc4)[C@]5(O)C[C@H](OC(=O)[C@H](O)[C@@H](NC(=O)c6ccccc6)c7ccccc7)C(=C1C5(C)C)C,0.92925096
PMXMIIMHBWHSKN-UHFFFAOYSA-N,CC1=C(CCN2CCC(CC2)c3noc4cc(F)ccc34)C(=O)N5CCCC(O)C5=N1,0.7635977
CPZBLNMUGSZIPR-DOTOQJQBSA-N,O=C1N(C[C@@H]2CCCc3cccc1c23)[C@@H]4CN5CCC4CC5,0.78252196
RZVAJINKPMORJF-UHFFFAOYSA-N,CC(=O)Nc1ccc(O)cc1,0.22405112
UAUIUKWPKRJZJV-QPLHLKROSA-N,[H][C@@]12C[C@]1(NC(=O)[C@]1([H])C[C@H](CN1C(=O)[C@H](CCCCC\C=C/2)NC(=O)C1=CN=C(C)C=N1)OC1=NC2=C(C=CC=C2)C2=C1C=CC=C2)C(=O)NS(=O)(=O)C1CC1,0.9753773
UOZODPSAJZTQNH-LSWIJEOBSA-N,NC[C@@H]1O[C@H](O[C@H]2[C@@H](O)[C@@H](O[C@@H]2CO)O[C@@H]3[C@@H](O)[C@H](N)C[C@H](N)[C@H]3O[C@H]4O[C@H](CO)[C@@H](O)[C@H](O)[C@H]4N)[C@H](N)[C@@H](O)[C@@H]1O,0.018035978
AHOUBRCZNHFOSL-YOEHRIQHSA-N,Fc1ccc(cc1)[C@@H]2CCNC[C@H]2COc3ccc4OCOc4c3,0.92259395
VVNCNSJFMMFHPL-GSVOUGTGSA-N,CC(C)(S)[C@H](N)C(O)=O,0.81931156
XDRYMKDFEDOLFX-UHFFFAOYSA-N,NC(=N)c1ccc(OCCCCCOc2ccc(cc2)C(N)=N)cc1,0.729507
RLLPVAHGXHCWKJ-HKUYNNGSSA-N,CC1(C)[C@@H](C=C(Cl)Cl)[C@H]1C(=O)OCc2cccc(Oc3ccccc3)c2,0.93413603
DDBREPKUVSBGFI-UHFFFAOYSA-N,CCC1(C(=O)NC(=O)NC1=O)c2ccccc2,0.5460187
BPLBGHOLXOTWMN-MBNYWOFBSA-M,CC1(C)S[C@@H]2[C@H](NC(=O)COc3ccccc3)C(=O)N2[C@H]1C([O-])=O,0.6382138
CXOFVDLJLONNDW-UHFFFAOYSA-N,O=C1NC(=O)C(N1)(c2ccccc2)c3ccccc3,0.9005012
MBWXNTAXLNYFJB-LKUDQCMESA-N,CC(C)CCCC(C)CCCC(C)CCC/C(C)=C/CC1=C(C)C(=O)c2ccccc2C1=O,0.9743851
VJYSBPDEJWLKKJ-NLIMODCCSA-N,CO[C@H](C)[C@H](NC(=O)OC)C(=O)N1CCC[C@H]1C1=NC2=C(N1)C=C(F)C(=C2)[C@H]1CC[C@@H](N1C1=CC(F)=C(N2CCC(CC2)C2=CC=C(F)C=C2)C(F)=C1)C1=CC2=C(NC(=N2)[C@@H]2CCCN2C(=O)[C@@H](NC(=O)OC)[C@@H](C)OC)C=C1F,0.95850974
QCHFTSOMWOSFHM-WPRPVWTQSA-N,CC[C@H]1[C@H](COC1=O)Cc2cncn2C,0.08670979
NBXPLBPWMYNZTC-IDYPWDAWSA-N,O.CCN1CCN(C(=O)N[C@@H](C(=O)N[C@H]2[C@H]3SC(C)(C)[C@@H](N3C2=O)C(O)=O)c4ccccc4)C(=O)C1=O,0.35990655
KATNPMSTHHZOTK-UHFFFAOYSA-N,O[P](O)(O)=O.Clc1ccc2c(c1)nccc2N3CCN(CCCN4CCN(CC4)c5ccnc6cc(Cl)ccc56)CC3,0.95037574
IYDYFVUFSPQPPV-PEXOCOHZSA-N,CN[C@@H]1[C@@H](O)[C@@H](O[C@H]2[C@@H](C[C@H](N)[C@@H](O[C@H]3OC(CNCCO)=CC[C@H]3N)[C@@H]2O)NC(=O)[C@@H](O)CCN)OC[C@]1(C)O,0.13135058
YJGVMLPVUAXIQN-XVVDYKMHSA-N,COc1cc(cc(OC)c1OC)[C@H]2[C@@H]3[C@H](COC3=O)[C@@H](O)c4cc5OCOc5cc24,0.8661794
KOUZYZCESNTXJO-UHFFFAOYSA-N,COC1=CC(=CC(OC)=C1OC)C1C2C(COC2=O)C(O)C2=CC3=C(OCO3)C=C12.COC1=CC(=CC(OC)=C1OC)C1C2C(COC2=O)C(O)C2=CC3=C(OCO3)C=C12.COC1=CC(=CC(OC)=C1OC)C1C(C(CO)C(O)C2=CC3=C(OCO3)C=C12)C(O)=O.COC1=CC(=CC(OC)=C1OC)C1C(C(CO)C(O)C2=CC3=C(OCO3)C=C12)C(O)=O,0.8560169
WCUXLLCKKVVCTQ-UHFFFAOYSA-M,[Cl-].[K+],nan
NLKNQRATVPKPDG-UHFFFAOYSA-M,[K+].[I-],nan
VZJVWSHVAAUDKD-UHFFFAOYSA-N,[K+].[O-][Mn](=O)(=O)=O,0.06851515
CPKVUHPKYQGHMW-UHFFFAOYSA-N,II.C=CN1CCCC1=O,-0.043458715
TUZYXOIXSAXUGO-PZAWKZKUSA-N,CC[C@H](C)C(=O)O[C@H]1C[C@H](O)C=C2C=C[C@H](C)[C@H](CC[C@@H](O)C[C@@H](O)CC(O)=O)[C@@H]12,0.6397624
FSVJFNAIGNNGKK-UHFFFAOYSA-N,O=C1CN(CC2N1CCc3ccccc23)C(=O)C4CCCCC4,0.9143643
RWSOTUBLDIXVET-UHFFFAOYSA-N,S,nan
XOFYZVNMUHMLCC-ZPOLXVRWSA-N,C[C@]12CC(=O)[C@H]3[C@@H](CCC4=CC(=O)C=C[C@]34C)[C@@H]1CC[C@]2(O)C(=O)CO,0.668501
INDBQLZJXZLFIT-UHFFFAOYSA-N,COc1cc(NC(C)CCCN)c2ncccc2c1,0.7488191
WHRVRSCEWKLAHX-LQDWTQKMSA-N,CCN(CC)CCOC(=O)C1=CC=C(N)C=C1.[H][C@]12SC(C)(C)[C@@H](N1C(=O)[C@H]2NC(=O)CC1=CC=CC=C1)C(O)=O,0.5336381
SSOLNOMRVKKSON-UHFFFAOYSA-N,CC(C)N=C(N)N=C(N)Nc1ccc(Cl)cc1,0.77472913
BDERNNFJNOPAEC-UHFFFAOYSA-N,CCCO,-0.0022883713
OLBCVFGFOZPWHH-UHFFFAOYSA-N,CC(C)c1cccc(C(C)C)c1O,0.96591
JXDGGKVSZWPQGP-UHFFFAOYSA-N,CCCN1C(=O)C=CNC1=S,0.041632507
GMVPRGQOIOIIMI-DWKJAMRDSA-N,CCCCC[C@H](O)/C=C/[C@H]1[C@H](O)CC(=O)[C@@H]1CCCCCCC(O)=O,0.93929875
XEYBRNLFEZDVAW-ARSRFYASSA-N,CCCCC[C@H](O)/C=C/[C@H]1[C@H](O)CC(=O)[C@@H]1C\C=C/CCCC(O)=O,0.887833
VRDIULHPQTYCLN-UHFFFAOYSA-N,CCCc1cc(ccn1)C(N)=S,0.6506726
YSAUAVHXTIETRK-AATRIKPKSA-N,CN1CCCN=C1\C=C\c2sccc2,0.65167284
IPEHBUMCGVEMRF-UHFFFAOYSA-N,NC(=O)c1cnccn1,-0.00058286637
IPEHBUMCGVEMRF-UHFFFAOYSA-N,NC(=O)c1cnccn1,-0.00058286637
RVOLLAQWKVFTGE-UHFFFAOYSA-N,CN(C)C(=O)Oc1ccc[n+](C)c1,0.024182111
LXNHXLLTXMVWPM-UHFFFAOYSA-N,Cc1ncc(CO)c(CO)c1O,0.12758416
LXNHXLLTXMVWPM-UHFFFAOYSA-N,Cc1ncc(CO)c(CO)c1O,0.12758416
WKSAUQYGYAYLPV-UHFFFAOYSA-N,CCc1nc(N)nc(N)c1c2ccc(Cl)cc2,0.80680496
DJUFPMUQJKWIJB-UHFFFAOYSA-N,COC1=NC2=C(NC3=CC(CN4CCCC4)=C(O)C(CN4CCCC4)=C3)C3=CC=C(Cl)C=C3N=C2C=C1,0.9563197
LOUPRKONTZGTKE-FOEVPDMQSA-N,COc1ccc2nccc([C@@H](O)[C@@H]3C[C@H]4CCN3C[C@@H]4C=C)c2c1,0.83959424
ZEJGORPKXHJSER-SQFISAMPSA-N,CN1C(=O)C(=O)\C(N=C1C(C)(C)NC(=O)c2oc(C)nn2)=C(\O)NCc3ccc(F)cc3,0.8438606
VMXUWOKSQNHOCA-UKTHLTGXSA-N,CNC(/NCCSCc1oc(CN(C)C)cc1)=C\[N+]([O-])=O,0.2836172
FPIPGXGPPPQFEQ-OVSJKPMPSA-N,CC(=C\CO)/C=C/C=C(C)/C=C/C1=C(C)CCCC1(C)C,0.9601156
IWUCXVSUMQZMFG-AFCXAGJDSA-N,NC(=O)c1ncn(n1)[C@@H]2O[C@H](CO)[C@@H](O)[C@H]2O,0.073141515
AUNGANRZJHBGPY-UHFFFAOYSA-N,Cc1cc2N=C3C(=O)NC(=O)N=C3N(CC(O)C(O)C(O)CO)c2cc1C,0.49477258
ATEBXHFBFRCZMA-VXTBVIBXSA-N,CO[C@H]1/C=C/O[C@@]2(C)Oc3c(C)c(O)c4C(=O)C(=C5NC6(CCN(CC6)CC(C)C)N=C5c4c3C2=O)NC(=O)C(=C\C=C\[C@H](C)[C@H](O)[C@@H](C)[C@@H](O)[C@@H](C)[C@H](OC(C)=O)[C@@H]1C)/C,0.8324406
JQXXHWHPUNPDRT-WLSIYKJHSA-N,CO[C@H]1\C=C\O[C@@]2(C)OC3=C(C2=O)C2=C(O)C(\C=N\N4CCN(C)CC4)=C(NC(=O)\C(C)=C/C=C/[C@H](C)[C@H](O)[C@@H](C)[C@@H](O)[C@@H](C)[C@H](OC(C)=O)[C@@H]1C)C(O)=C2C(O)=C3C,0.84452814
RISDZDVHYCURHD-QLWTZYDESA-N,CO[C@H]1\C=C\O[C@@]2(C)Oc3c(C)c(O)c4C(=C(NC(=O)C(=C/C=C/[C@H](C)[C@H](O)[C@@H](C)[C@@H](O)[C@@H](C)[C@H](OC(C)=O)[C@@H]1C)\C)C(=C/NN5CCN(CC5)C6CCCC6)\C(=O)c4c3C2=O)O,0.8758728
RAPZEAPATHNIPO-UHFFFAOYSA-N,CC1=C(CCN2CCC(CC2)c3noc4cc(F)ccc34)C(=O)N5CCCCC5=N1,0.9191475
NCDNCNXCDXHOMX-XGKFQTDJSA-N,CC(C)[C@H](NC(=O)N(C)Cc1csc(n1)C(C)C)C(=O)N[C@H](C[C@H](O)[C@H](Cc2ccccc2)NC(=O)OCc3scnc3)Cc4ccccc4,0.9836316
KGFYHTZWPPHNLQ-UHFFFAOYSA-N,Clc1sc(cc1)C(=O)NCC2CN(C(=O)O2)c3ccc(cc3)N4CCOCC4=O,0.94782823
NDAUXUAQIAJITI-UHFFFAOYSA-N,CC(C)(C)NCC(O)c1ccc(O)c(CO)c1,0.13791811
YGSDEFSMJLZEOE-UHFFFAOYSA-N,OC(=O)c1ccccc1O,0.45756558
GIIZNNXWQWCKIB-UHFFFAOYSA-N,OCc1cc(ccc1O)C(O)CNCCCCCCOCCCCc2ccccc2,0.89367074
VIDTVPHHDGRGAF-UHFFFAOYSA-N,S=[Se],0.03534524
BLFQGGGGFNSJKA-XHXSRVRCSA-N,[Cl-].CN[C@H]1CC[C@@H](c2ccc(Cl)c(Cl)c2)c3ccccc13.[H+],0.9622589
FJKGRAZQBBWYLG-UHFFFAOYSA-M,N.N.[F-].[Ag+],nan
UEJSSZHHYBHCEL-UHFFFAOYSA-N,[Ag+].Nc1ccc(cc1)[S](=O)(=O)[N-]c2ncccn2,0.5704547
RYMZZMVNJRMUDD-HGQWONQESA-N,CCC(C)(C)C(=O)O[C@H]1C[C@@H](C)C=C2C=C[C@H](C)[C@H](CC[C@@H]3C[C@@H](O)CC(=O)O3)[C@@H]12,0.9359908
UEAVLBXLOZNDHT-UHFFFAOYSA-K,[Na+].[Ca++].OC(=O)CN(CCN(CC([O-])=O)CC([O-])=O)CC([O-])=O,0.13476236
FAPWRFPIFSIZLT-UHFFFAOYSA-M,[Na+].[Cl-],nan
UIIMBOGNXHQVGW-UHFFFAOYSA-M,[Na+].OC([O-])=O,0.08892529
LPXPTNMVRIOKMN-UHFFFAOYSA-M,[Na+].[O-]N=O,0.016479433
YQDGWZZYGYKDLR-UZVLBLASSA-K,O.O.O.O.O.O.O.O.O.[Na+].[Na+].[Na+].OC[C@@H](O)[C@H]1O[Sb]2(O)(O[C@@H]1[C@@H](O2)C([O-])=O)O[Sb]34([O-])O[C@H]([C@H](O)CO)[C@H](O3)[C@@H](O4)C([O-])=O,0.38679457
AKHNMLFCWUSKQB-UHFFFAOYSA-L,[Na+].[Na+].[O-][S]([O-])(=O)=S,0.18240407
TTZHDVOVKQGIBA-IQWMDFIBSA-N,CC(C)OC(=O)[C@H](C)N[P@](=O)(OC[C@H]1O[C@@H](N2C=CC(=O)NC2=O)[C@](C)(F)[C@@H]1O)OC1=CC=CC=C1,0.7665026
XGBFWQUQYQIFLB-MTTMTQIXSA-N,CN[C@@H]1[C@H](O)[C@H](NC)[C@H]2O[C@]3(O)[C@@H](O[C@H](C)CC3=O)O[C@@H]2[C@H]1O.O[S](O)(=O)=O,0.37554353
LXMSZDCAJNLERA-ZHYRCANASA-N,CC(=O)S[C@@H]1CC2=CC(=O)CC[C@]2(C)[C@H]3CC[C@@]4(C)[C@@H](CC[C@@]45CCC(=O)O5)[C@H]13,0.8521843
UCSJYZPVAKXKNQ-HZYVHMACSA-N,CN[C@H]1[C@H](O)[C@@H](O)[C@H](CO)O[C@H]1O[C@H]1[C@H](O[C@H]2[C@H](O)[C@@H](O)[C@H](NC(N)=N)[C@@H](O)[C@@H]2NC(N)=N)O[C@@H](C)[C@]1(O)C=O,0.19082013
ACTRVOBWPAIOHC-UHFFFAOYSA-N,OC(=O)C(S)C(S)C(O)=O,0.9217592
SEEPANYCNGTZFQ-UHFFFAOYSA-N,Nc1ccc(cc1)[S](=O)(=O)Nc2ncccn2,0.5538008
PJSFRIWCGOHTNF-UHFFFAOYSA-N,COc1ncnc(N[S](=O)(=O)c2ccc(N)cc2)c1OC,0.7810165
PJSFRIWCGOHTNF-UHFFFAOYSA-N,COc1ncnc(N[S](=O)(=O)c2ccc(N)cc2)c1OC,0.7810165
JLKIGFTWXXRPMT-UHFFFAOYSA-N,Cc1onc(N[S](=O)(=O)c2ccc(N)cc2)c1,0.8090704
OQANPHBRHBJGNZ-BKUYFWCQSA-N,OC(=O)C1=C\C(C=CC1=O)=N/Nc2ccc(cc2)[S](=O)(=O)Nc3ccccn3,0.9377118
KQKPFRSPSRPDEB-UHFFFAOYSA-N,CN[S](=O)(=O)Cc1ccc2[nH]cc(CCN(C)C)c2c1,0.19799106
AXOIZCJOOAYSMI-UHFFFAOYSA-N,C[N+](C)(C)CCOC(=O)CCC(=O)OCC[N+](C)(C)C,-0.4422143
BJYLYJCXYAMOFT-BLOFVXHKSA-N,CC(C)[C@@H](O)CC[C@@H](C)[C@H]1CC[C@H]2\C(CCC[C@]12C)=C\C=C3/C[C@@H](O)C[C@H](O)C3=C,0.9869877
QJJXYPPXXYFBGM-LFZNUXCKSA-N,CO[C@@H]1C[C@@H](CC[C@H]1O)/C=C(C)/[C@H]2OC(=O)[C@@H]3CCCCN3C(=O)C(=O)[C@]4(O)O[C@H]([C@H](C[C@@H](C)CC(=C/[C@@H](CC=C)C(=O)C[C@H](O)[C@H]2C)/C)OC)[C@H](C[C@H]4C)OC,0.8331973
NKANXQFJJICGDU-QPLCGJKRSA-N,CC/C(c1ccccc1)=C(c2ccccc2)/c3ccc(OCCN(C)C)cc3,0.9805001
LPQZKKCYTLCDGQ-WEDXCCLWSA-N,C[C@]1(Cn2ccnn2)[C@@H](N3[C@@H](CC3=O)[S]1(=O)=O)C(O)=O,0.30043986
RMMXLENWKUUMAY-UHFFFAOYSA-N,CCCc1nc2c(C)cc(cc2n1Cc3ccc(cc3)c4ccccc4C(O)=O)c5nc6ccccc6n5C,0.98519385
SGOIRFVFHAKUTI-ZCFIWIBFSA-N,C[C@H](Cn1cnc2c(N)ncnc12)OC[P](O)(O)=O,0.15525989
VCMJCVGFSROFHV-WZGZYPNHSA-N,CC(C)OC(=O)OCO[P](=O)(CO[C@H](C)Cn1cnc2c(N)ncnc12)OCOC(=O)OC(C)C.OC(=O)\C=C\C(O)=O,0.4482135
DOMXUEMWDBAQBQ-WEVVVXLNSA-N,CN(C\C=C\C#CC(C)(C)C)Cc1cccc2ccccc12,0.9584621
XWTYSIMOBUGWOL-UHFFFAOYSA-N,CC(C)(C)NCC(O)c1cc(O)cc(O)c1,0.19151816
ODKYYBOHSVLGNU-UHFFFAOYSA-N,O=C1NOCC1N=Cc2ccc(cc2)C=NC3CONC3=O,0.43769607
MUMGGOZAMZWBJJ-DYKIIFRCSA-N,C[C@]12CC[C@H]3[C@@H](CCC4=CC(=O)CC[C@]34C)[C@@H]1CC[C@@H]2O,0.8780578
GKCBAIGFKIBETG-UHFFFAOYSA-N,CCCCNc1ccc(cc1)C(=O)OCCN(C)C,0.4329431
UEJJHQNACJXSKW-UHFFFAOYSA-N,O=C1CCC(N2C(=O)c3ccccc3C2=O)C(=O)N1,0.45223737
MYVIATVLJGTBFV-UHFFFAOYSA-M,[Cl-].Cc1ncc(C[n+]2csc(CCO)c2C)c(N)n1,0.2891748
IUJDSEJGGMCXSG-UHFFFAOYSA-N,CCCC(C)C1(CC)C(=O)NC(=S)NC1=O,0.7110265
BLJRIMJGRPQVNF-JTQLQIEISA-N,CC(C)(C)NC[C@H](O)COc1nsnc1N2CCOCC2,0.04597576
HJLSLZFTEKNLFI-UHFFFAOYSA-N,CC[S](=O)(=O)CCn1c(C)ncc1[N+]([O-])=O,0.33266386
WYWHKKSPHMUBEB-UHFFFAOYSA-N,NC1=NC(=S)c2[nH]cnc2N1,0.20025045
DQHNAVOVODVIMG-UHFFFAOYSA-M,[Br-].C[N+]1(C)C2CC(CC1C3OC23)OC(=O)C(O)(c4sccc4)c5sccc5,0.79192376
NLVFBUXFDBBNBW-PBSUHMDJSA-N,NC[C@H]1O[C@H](O[C@@H]2[C@@H](N)C[C@@H](N)[C@H](O[C@H]3O[C@H](CO)[C@@H](O)[C@H](N)[C@H]3O)[C@H]2O)[C@H](N)C[C@@H]1O,-0.0037677586
NGBFQHCMQULJNZ-UHFFFAOYSA-N,CC(C)NC(=O)N[S](=O)(=O)c1cnccc1Nc2cccc(C)c2,0.95113367
GYDJEQRTZSCIOI-UHFFFAOYSA-N,NCC1CCC(CC1)C(O)=O,0.07450369
NQPDXQQQCQDHHW-UHFFFAOYSA-N,CSc1[nH]c2cc(Cl)c(Oc3cccc(Cl)c3Cl)cc2n1,0.97201645
IEDVJHCEMCRBQM-UHFFFAOYSA-N,COc1cc(Cc2cnc(N)nc2N)cc(OC)c1OC,0.73307073
VXKHXGOKWPXYNA-UHFFFAOYSA-N,CC(C)CC(NC(=O)C(Cc1c[nH]c2ccccc12)NC(=O)C(Cc3ccc(O)cc3)NC(=O)C(CO)NC(=O)C(Cc4c[nH]c5ccccc45)NC(=O)C(Cc6c[nH]cn6)NC(=O)C7CCC(=O)N7)C(=O)NC(CCCNC(N)=N)C(=O)N8CCCC8C(=O)NCC(N)=O,0.660431
JJCZGVLYNIVKKD-UHFFFAOYSA-N,NC(=O)C(CO)c1ccccc1,0.14394724
XIEGSJAEZIGKSA-UHFFFAOYSA-N,[H+].[Cl-].CN1C2CCC1CC(C2)OC(=O)c3c[nH]c4ccccc34,0.7766151
HKDLNTKNLJPAIY-WKWWZUSTSA-N,CN(C)C1=CC=C(C=C1)[C@H]1C[C@@]2(C)[C@@H](CC[C@]2(O)C(C)=O)[C@@H]2CCC3=CC(=O)CCC3=C12,0.90568596
FVTWTVQXNAJTQP-UHFFFAOYSA-N,OC(C1=CC=CC=C1)(C1=CC=CC=C1)C12CC[N+](CCOCC3=CC=CC=C3)(CC1)CC2,0.946592
XSQUKJJJFZCRTK-UHFFFAOYSA-N,NC(N)=O,0.078691214
IOOWNWLVCOUUEX-WPRPVWTQSA-N,OB1O[C@H](CC(O)=O)CC[C@@H]1NC(=O)CC1=CC=CS1,0.58654755
HDOVUKNUBWVHOX-QMMMGPOBSA-N,CC(C)[C@H](N)C(=O)OCCOCn1cnc2C(=O)N=C(N)Nc12,0.1359455
WPVFJKSGQUFQAP-GKAPJAKFSA-N,CC(C)[C@H](N)C(=O)OCC(CO)OCn1cnc2C(=O)N=C(N)Nc12,0.15931644
NIJJYAXOARWZEE-UHFFFAOYSA-N,CCCC(CCC)C(O)=O,0.76714116
MYPYJXKWCTUITO-UTHKAUQRSA-N,CN[C@H](CC(C)C)C(=O)NC1[C@H](O)c2ccc(Oc3cc4cc(Oc5ccc(cc5Cl)[C@@H](O)[C@@H]6NC(=O)[C@H](NC(=O)[C@@H]4NC(=O)[C@H](CC(N)=O)NC1=O)c7ccc(O)c(c7)c8c(O)cc(O)cc8[C@@H](NC6=O)C(O)=O)c3O[C@@H]9O[C@H](CO)[C@@H](O)[C@H](O)[C@H]9O[C@H]%10C[C@](C)(N)[C@H](O)[C@H](C)O%10)c(Cl)c2,0.59025186
JQSHBVHOMNKWFT-DTORHVGOSA-N,C1NC[C@H]2C[C@@H]1c3cc4nccnc4cc23,0.35114208
VEPSYABRBFXYIB-PWXDFCLTSA-M,[Br-].CC(=O)O[C@H]1C[C@@H]2CC[C@@H]3[C@H](CC[C@@]4(C)[C@H]3C[C@@H]([C@@H]4OC(C)=O)[N+]5(C)CCCCC5)[C@@]2(C)C[C@@H]1N6CCCCC6,0.6520297
FHCUMDQMBHQXKK-CDIODLITSA-N,COC[C@H]1C[C@H](N(C1)C(=O)[C@H](NC(=O)OC)C1=CC=CC=C1)C1=NC=C(N1)C1=CC=C2C(COC3=CC4=C(C=CC5=C4NC(=N5)[C@@H]4CC[C@H](C)N4C(=O)[C@@H](NC(=O)OC)C(C)C)C=C23)=C1,0.95246357
SGTNSNPWRIOYBX-UHFFFAOYSA-N,COc1ccc(CCN(C)CCCC(C#N)(C(C)C)c2ccc(OC)c(OC)c2)cc1OC,0.88242704
DAFYYTQWSAWIGS-DEOSSOPVSA-N,OCC1=C(O)C=CC(=C1)[C@@H](O)CNCCCCCCOCCOCC1=C(Cl)C=CC=C1Cl,0.9260236
CILBMBUYJCWATM-NPJYPKOYSA-N,CCC1=CC2CN(C1)Cc3c([nH]c4ccccc34)[C@@](C2)(C(=O)OC)c5cc6c(cc5OC)N(C)[C@H]7[C@](O)([C@H](OC(C)=O)[C@]8(CC)C=CCN9CC[C@]67[C@H]89)C(=O)OC.O[C@H]([C@@H](O)C(O)=O)C(O)=O.O[C@H]([C@@H](O)C(O)=O)C(O)=O,0.5992752
BCEHBSKCWLPMDN-MGPLVRAMSA-N,C[C@@H](c1ncncc1F)[C@](O)(Cn2cncn2)c3ccc(F)cc3F,0.63925093
QTXVAVXCBMYBJW-UHFFFAOYSA-N,CC(=O)CC(c1ccccc1)C2=C(O)Oc3ccccc3C2=O,0.954336
HUCJFAOMUPXHDK-UHFFFAOYSA-N,Cc1cc(cc(C)c1CC2=NCCN2)C(C)(C)C,0.71583664
HBOMLICNUCNMMY-XLPZGREQSA-N,CC1=CN([C@H]2C[C@H](N=[N+]=[N-])[C@@H](CO)O2)C(=O)NC1=O,0.16852377
NWONKYPBYAMBJT-UHFFFAOYSA-L,[Zn++].[O-][S]([O-])(=O)=O,0.13547131
FUXFIVRTGHOMSO-UHFFFAOYSA-N,O.OC(Cn1ccnc1)([P](O)(O)=O)[P](O)(O)=O,0.21194582
